{"params": {"epsilon": 1, "seed": 1, "sigma": [0.05], "shape": ["circle"], "num_data": 50, "population": [100000], "dimension": 128}, "algos": {"idt": {"result": [1.6906918405985076, 1.6683290228427612, 2.0912808692139806, 1.802367289529008, 2.1806567925800526, 1.4100516685761963, 1.1562269953704363, 2.1280893775501393, 2.112693816729048, 1.937383724493623, 2.1446572592154833, 1.9205657454594993, 1.7506624277051723, 2.098045162551739, 1.7357763424921735, 1.7551866418562452, 1.1541298628474668, 1.8093732094113548, 1.9153261396817565, 1.084909627851761, 1.5470244892280058, 1.295514912908455, 1.1705895511497533, 1.3630339703652183, 1.2323623140724145, 1.5444899212362926, 1.463939721304732, 1.0977937175791166, 1.1699329818745006, 1.2657125826369375, 2.1681215202583264, 1.9184311548966828, 1.7524001615430582, 1.7157381996304675, 1.7137248515276164, 1.321199595426086, 1.2355374002553057, 1.7522275571692318, 1.2014054207559357, 2.0916875531422394, 1.7456641184977815, 1.1435031214522164, 1.9094115575102955, 1.5386965413116522, 1.308445082062596, 1.3388639491460836, 1.0304238227106781, 1.7436208644973243, 1.69530789093986, 1.1613835211256431], "run_time": 0.0056699800491333005}, "uniform": {"result": [511.87183009255466, 456.7007413020694, 730.6635231514631, 580.7834625184403, 767.8417153322224, 306.68066137450234, 217.9009283898856, 749.218648834273, 730.4361405869425, 682.6087371178446, 768.7704673212662, 627.7610471718223, 576.0000935576938, 713.2352971535655, 520.4425464287823, 539.4814488134251, 222.44643323145516, 597.8659119285774, 591.353545449292, 209.4611493906622, 386.92405456319136, 297.78170279138254, 215.34628623845165, 372.2862610549969, 281.67604444328265, 408.6103747538027, 331.9169964286908, 209.37832151692203, 237.51720234585355, 296.55718091851355, 771.899361020348, 673.1323229472439, 502.08793202244584, 497.19614911649285, 541.3964520421018, 328.2883037048224, 285.08164372608076, 497.53431446757463, 240.69313987456925, 727.2589901278475, 565.5596177564271, 209.64681879267897, 654.410096497176, 492.6883281139949, 279.3561944233931, 347.6552587786873, 181.6209469009434, 587.0066847549905, 577.1758398313485, 249.84975348061673], "run_time": 0.005710000991821289}, "AG": {"result": [0.49051142203915693, 0.2909694422994003, 0.3484592302528038, 0.3413902500822627, 0.4292033938365893, 0.2798839616028879, 0.2696516496854738, 0.7259809735604341, 0.5954010849422138, 0.6740889241803067, 0.7599052734046227, 0.586448223470941, 0.43609623110938217, 0.7322389106532514, 0.37883780023767033, 0.29712180798452037, 0.3065340603052132, 0.6345082568376733, 0.463413636360133, 0.15742493352230788, 0.42853677124787043, 0.2577813647731778, 0.254230514785366, 0.41206131549109876, 0.30410951004102765, 0.41215107376233684, 0.32970244245456276, 0.21128641049045638, 0.26262719432985215, 0.32822742425711854, 0.7833535572709407, 0.7569078054470733, 0.466908043817435, 0.43840987463325587, 0.4397864143788098, 0.18832993593328803, 0.3187942646744993, 0.49070517633416716, 0.38186998875862094, 0.5002221134913509, 0.6741309784175953, 0.1547311806114319, 0.3151232805876597, 0.5244262349023625, 0.2368450950608574, 0.24628244195864168, 0.14667849338875918, 0.6365059856711536, 0.6306463886969054, 0.23706152654545887], "run_time": 0.028130292892456055}, "UG": {"result": [1.6906918506099207, 1.6683290228427612, 2.0912808692139806, 1.802367304834506, 2.1806567925800526, 1.4100516586927496, 1.1562270053813442, 2.1280893775501393, 2.112693816729048, 1.9373837144886206, 2.1446572592154833, 1.9205657557383649, 1.7506624074385482, 2.098045162551739, 1.7357763882713348, 1.7551866621200083, 1.1541298628474668, 1.8093731887544748, 1.9153261396817565, 1.0849096965601779, 1.5470244998666434, 1.295514951730035, 1.17058954979028, 1.363034003610555, 1.2323622790169015, 1.5444899323936903, 1.463939721304732, 1.0977937678370926, 1.1699329718745004, 1.2657125625428665, 2.1681215202583264, 1.9184311448024023, 1.7524001715448585, 1.715738177351728, 1.7137248721528382, 1.3211996053310922, 1.2355373704488266, 1.7522275468109385, 1.201405420757936, 2.0916875399983534, 1.7456641184977815, 1.1435031114522167, 1.9094115472424062, 1.538696531311652, 1.3084450848962268, 1.3388640306824195, 1.0304238221198339, 1.7436208517197314, 1.6953078703719693, 1.161383531125643], "run_time": 0.31409000158309935}, "Quad-leaf": {"result": [1.5392092670573851, 1.071676407405771, 1.3631844484410816, 1.4519231275656903, 1.399515599896031, 0.8187485592807165, 0.5884578770543701, 1.0505029358508124, 1.3387043130402367, 0.9027088042418625, 0.9679397964934651, 1.6455231931607601, 1.0150556393209893, 1.7337873465209372, 1.1170355260178284, 1.0819294527576098, 0.3272253069192618, 1.0761663919073468, 1.2418979332869013, 0.6208007770458701, 0.8741081067021287, 0.8958131117429293, 0.7679400633799847, 0.709969335793772, 0.5099029515393949, 1.0337883874994576, 0.7683020198634999, 0.7060928368317466, 0.6723319553824069, 0.5719695001656983, 1.0805736171443237, 0.9017485324882089, 1.3389733826731804, 1.0943842496531533, 1.3587824416938927, 1.0030404423255581, 0.5236530380417276, 1.2128872654373821, 0.3369488079195605, 1.3531040505262193, 0.6750165501339768, 0.7829523240479391, 0.8495146130734325, 0.9968760916359717, 0.9641639250567181, 1.040638404297738, 0.7251090314105916, 0.72304635645255, 0.7242077787945329, 0.8130782961424943], "run_time": 0.0973897099494934}, "Quad-uniform": {"result": [0.15560406407649002, 0.17370416816197112, 0.19418301712892944, 0.18379193520953344, 0.18636073142651255, 0.14774282914995251, 0.2156441728688705, 0.23331977474943646, 0.18631234269077396, 0.1764659739637443, 0.23199064639804765, 0.2068452073441546, 0.16862512182250983, 0.2287420628309056, 0.12503143549002213, 0.19926849035934907, 0.12949457608633413, 0.181862602466941, 0.17332563272680257, 0.11790435197893978, 0.17011233000416043, 0.1550362396908883, 0.19714184399545753, 0.2657363955533868, 0.2110137215746771, 0.1380041042539289, 0.23153438599232737, 0.10603853296851867, 0.12974493732110115, 0.19504598236334772, 0.2106272416759904, 0.18235167816819056, 0.1616378377456639, 0.15982803088016825, 0.17312284193656877, 0.1623956609259594, 0.21434760596729552, 0.21657788962783223, 0.17090841487630506, 0.18837432649686228, 0.2142668627860089, 0.22518450983331614, 0.21300841618208538, 0.2918419586018783, 0.11366345844545148, 0.18427882999315554, 0.2267479463859022, 0.17418949944881792, 0.19039202850258574, 0.15506136979058988], "run_time": 0.1254818081855774}, "Quad-geo": {"result": [0.26959237925478235, 0.28291881786389717, 0.35426009872776165, 0.31436965763336333, 0.3598141631282323, 0.1954022677980416, 0.3081703705759829, 0.4000458427660134, 0.32950856831791364, 0.345459919878965, 0.40533129567797993, 0.3503362026126396, 0.30053349505330457, 0.41030613434969043, 0.2281439924417529, 0.30524376249531715, 0.21782129952466067, 0.31334078462162424, 0.29430596320305746, 0.17071215044366955, 0.2764807055578377, 0.21776714327020494, 0.24824638646435887, 0.41102022219335765, 0.30849453903520996, 0.2223872000483746, 0.32837392931962395, 0.16679975212160664, 0.19474160157579587, 0.3048554649307938, 0.3906350865626196, 0.3523838552289589, 0.28820835789575994, 0.26146546455750375, 0.2931423768870694, 0.23216239196696517, 0.3113394589446623, 0.3460110408261671, 0.32331359599247406, 0.34559350696094876, 0.36808606115256315, 0.3155339044090937, 0.353364882384686, 0.46021774318091, 0.15513574425300017, 0.251209682964068, 0.2703790817400034, 0.320856051905991, 0.3338961408707933, 0.2124184480371328], "run_time": 0.1316602945327759},