{"params": {"epsilon": 1, "seed": 1, "sigma": [0.5], "shape": ["circle"], "num_data": 50, "population": [100000], "dimension": 128}, "algos": {"idt": {"result": [0.01207387896950188, 0.012076239850978523, 0.011821850141319746, 0.01229968520721862, 0.011677073389385607, 0.012236968971016622, 0.011982214061237936, 0.012034284167659226, 0.011399040096257529, 0.012670186698429448, 0.012280681113128846, 0.012624549700986757, 0.011688663112020211, 0.011745218307565952, 0.012216182630822893, 0.012225192997315866, 0.012224489433829333, 0.012240617068745933, 0.012128544270413318, 0.012103531827277659, 0.011853386413272392, 0.01200873680420364, 0.012141793542053747, 0.012191433886559118, 0.011981745515251439, 0.011850899735102534, 0.012366018477984901, 0.011650097722452514, 0.012124148033369494, 0.011948373068674096, 0.011917621441886832, 0.011907635528773084, 0.012607294668889959, 0.012156317701074854, 0.011905360731304394, 0.012077974089682019, 0.012091136423285303, 0.012104384096145167, 0.012139358133205703, 0.01188664510406444, 0.011846771544398532, 0.011896750301934976, 0.011967107810321384, 0.01235868196918022, 0.011983186175421462, 0.01216220159740761, 0.01211669653516328, 0.011785299359379827, 0.012164360603865986, 0.012457122260257244], "run_time": 0.005669698715209961}, "uniform": {"result": [0.7492038634274467, 0.7381288942294896, 0.7286108571266012, 0.7493822445775616, 0.7354049327456285, 0.7445435510019934, 0.7355535239995266, 0.7408494833795111, 0.7140813475532418, 0.7550805952715819, 0.7422438324136345, 0.7627137097243889, 0.712673209488979, 0.7230832340941281, 0.7489784484176294, 0.7386928248636658, 0.7352611141796797, 0.7461617659438737, 0.7229495594006692, 0.739747786687559, 0.7339402308816926, 0.7385336887195383, 0.7537422797510205, 0.7500737770669161, 0.7399858700026245, 0.7294604763452958, 0.7415724924666549, 0.7189363001737004, 0.731083885936525, 0.7419963135346721, 0.7309671977615737, 0.7362928963445846, 0.7494945750514934, 0.7451541120480745, 0.729440345219604, 0.736356120187107, 0.7390789544696165, 0.741710848111448, 0.7357764117648379, 0.7364610033937936, 0.7374264967081627, 0.730860801226497, 0.7275236055998512, 0.7534556977310389, 0.7416643006853042, 0.7549170089504236, 0.7327214299456655, 0.7330279984937745, 0.7513816164394448, 0.7532595844871027], "run_time": 0.005410022735595703}, "AG": {"result": [0.011462875599836182, 0.010886024712052208, 0.011208537884788742, 0.012469058681420996, 0.011203518048259706, 0.013389096212379832, 0.012165329470481758, 0.013309955910384393, 0.009101483234772239, 0.011476093798493615, 0.012091416864080263, 0.013572808877092566, 0.011733752325370895, 0.011768379632010238, 0.011098364995874866, 0.01206198029511829, 0.012895912537442161, 0.013186978756601199, 0.013872234403941123, 0.014131030527246837, 0.012607624905255743, 0.011595749697089507, 0.011687579521188984, 0.012136109548117714, 0.0123174860671829, 0.009915362976073358, 0.013105728871275273, 0.010856564931647002, 0.014434889123240176, 0.012027033694299513, 0.010740183356824431, 0.012016411045984271, 0.01203932822870977, 0.01279739272759269, 0.009494837839992488, 0.012290756626269815, 0.01049243899328984, 0.013669736166044428, 0.01253289691321619, 0.010817850772168514, 0.012146912756739965, 0.011229181661845895, 0.012896070878233796, 0.010631540787103457, 0.01236919957803234, 0.010284009671589062, 0.012171487634932164, 0.011928438022290348, 0.01457061812991902, 0.015348192634313333], "run_time": 0.07718997716903686}, "UG": {"result": [0.012074087117037738, 0.012076446061993993, 0.011822059391342425, 0.012299899544290463, 0.0116772723491325, 0.012237179006103724, 0.011982419430853156, 0.012034490977019733, 0.011399249026824952, 0.012670396982456535, 0.012280890863312905, 0.012624762288001105, 0.011688895056292925, 0.01174542172396929, 0.01221639285740393, 0.012225402790568043, 0.01222469680144308, 0.012240828144198634, 0.012128746193934692, 0.012103741240013219, 0.011853596689937728, 0.012008948875358508, 0.012142008561792778, 0.012191647005253464, 0.01198195465629092, 0.011851103880342134, 0.012366218182659648, 0.011650305449267389, 0.012124361143705764, 0.011948601974720724, 0.01191782748588121, 0.011907846658884997, 0.012607523888208691, 0.012156526448688074, 0.011905542680757917, 0.012078179456895074, 0.012091348032541053, 0.012104596026290392, 0.012139589200574438, 0.01188685488524937, 0.01184697973891949, 0.011896961986738943, 0.011967320395548554, 0.012358889540314728, 0.011983399046752077, 0.012162407777644354, 0.012116927045179247, 0.01178550949372776, 0.012164570129455597, 0.012457333158815403], "run_time": 0.29777002811431885}, "Quad-leaf": {"result": [0.01654556996497921, 0.016754855728741642, 0.016661461077051524, 0.018248133401448072, 0.015147815986731991, 0.017823161311217542, 0.01699345167738892, 0.01658388950191593, 0.014937870800297333, 0.018132357427680296, 0.019819212234733315, 0.018615855254710413, 0.016614130223379625, 0.01565243841932744, 0.01698759576923864, 0.016330133920007362, 0.01810279707287422, 0.015972688043957586, 0.017704082856556676, 0.01733429727144195, 0.01753142520810237, 0.016896014711859732, 0.01702935569070144, 0.01697838519172322, 0.016594795391461924, 0.01719628865996517, 0.01683479043083133, 0.015649106876348778, 0.01593618593237305, 0.01638008297482872, 0.01649942938278704, 0.017136070140897276, 0.018973008103762012, 0.0167527594807685, 0.016633799755370972, 0.01724603792596995, 0.01639716660311912, 0.016310026959728958, 0.017181674760977803, 0.016630611150967117, 0.017567872463462322, 0.01699211102302771, 0.016913156987938587, 0.01705851816791397, 0.016342916224435712, 0.015875631861618063, 0.01624113136173744, 0.015192348787498743, 0.017072164141780803, 0.018435515516567497], "run_time": 0.10043998956680297}, "Quad-uniform": {"result": [0.02196029954064478, 0.023236558559472896, 0.02237603806823325, 0.02253400006333461, 0.022253167054090913, 0.0235264803325982, 0.022013452799448167, 0.022283598380116287, 0.020122811150697646, 0.022769664048326962, 0.02630196893549785, 0.0244513460549554, 0.02150447398090088, 0.02157208358248367, 0.023279385779160288, 0.02220986051203627, 0.0241522251762631, 0.021601716012260446, 0.02295586350158598, 0.022321733165509387, 0.022762585201350834, 0.021178625539134046, 0.022552765774143283, 0.022359688048406157, 0.021562604964573472, 0.022932739737175283, 0.022991170038548607, 0.021134876802064568, 0.021461551883826674, 0.021744291027855488, 0.022031907647489156, 0.02230995568928823, 0.02503328216640456, 0.02367963900399993, 0.020578824230163342, 0.020515607774946935, 0.02269570085016395, 0.022305101865248055, 0.022140530427225188, 0.021714055613775193, 0.022449425762793275, 0.021103731653157803, 0.0228501635864397, 0.024114420548282944, 0.021131421144765457, 0.02218892448972845, 0.021535691450185204, 0.021688503743993705, 0.021720115819100116, 0.02423862204762444], "run_time": 0.13329044342041016},