{"params": {"epsilon": 1, "seed": 1, "sigma": [0.05], "shape": ["circle"], "num_data": 50, "population": [500000], "dimension": 128}, "algos": {"idt": {"result": [1.3265776431041936, 1.1236727183027146, 1.1408824261970745, 1.9662214704525998, 1.5123674360290689, 1.990810200757575, 1.1571104618163854, 1.488759175913735, 2.099897942631291, 1.0560308679813584, 1.9585325234513842, 1.1012864254351449, 1.7757658471681548, 1.0370100357695167, 0.9227694866531962, 1.49123905021624, 2.3156773343292114, 1.3767843342128254, 1.519794266524321, 1.7138318137165156, 1.1013910757468282, 2.0024223247295185, 2.0773893298384163, 1.085063339550503, 1.8052654579635437, 2.0205361653832754, 1.22421093450356, 1.6207029480543522, 1.782892528591699, 0.8344605806658385, 2.1649162623283145, 1.184945636191703, 1.8987097427460582, 1.695242333658737, 1.2247979960807247, 1.422587077521218, 0.963862847530275, 1.736864590936004, 1.2224994203285027, 1.4320308925000487, 2.0175559021758285, 1.4490039059794622, 2.2743492487202803, 2.5311819954962376, 1.1209229923855597, 1.769131114986395, 1.1544947177110825, 0.8709547153854273, 1.4213552152270932, 1.197487492447112], "run_time": 0.006560285091400147}, "uniform": {"result": [2322.0837605345573, 1584.7637606798187, 1717.8870389372353, 4188.966157495455, 2917.0714025465995, 4375.165803795711, 1725.9096765857873, 2681.6067390675944, 5155.90833384099, 1556.0188375202138, 3902.347613506102, 1917.2745609622273, 3501.3015997443363, 1431.675856708673, 1305.1934183462258, 2709.6179407326076, 5138.555581478688, 2385.323291315047, 3403.3427082851686, 4249.19885070743, 1750.2867695705506, 4138.055204579811, 4437.856134772612, 1459.3527736875812, 4495.174114315389, 4587.759882703247, 2075.917493837515, 3727.9804732708712, 3678.0454137095167, 1037.9933178557333, 5220.5690498986905, 2015.012616623538, 3667.4189586273637, 3369.912569602245, 2069.1131883666812, 2480.9153935042764, 1281.1340123136292, 4082.173892130172, 2012.1244357798041, 2660.900771663775, 4096.224286747008, 3164.3545953911544, 4921.375659172395, 5829.505090461315, 1557.9878523617806, 3713.1446249065, 1724.8887773403385, 1076.3596345499707, 2607.1259587995396, 1945.0272101796334], "run_time": 0.006830005645751953}, "AG": {"result": [1.3588966487326188, 1.0840061009697277, 1.1075191529044617, 1.4824946084860475, 0.9514284070175657, 2.3704226015662617, 1.1565432797578088, 1.477781176889731, 1.838675167736426, 0.8487295917082106, 2.0913943933622257, 0.9677280660250601, 1.9378317750626184, 0.8255866954650062, 0.6546292325522001, 1.7429382397783606, 2.428379239167899, 1.5697762344374644, 1.5687647850010693, 1.808020660204706, 0.8422441783025273, 1.323578496924438, 1.5608799926891443, 0.9974984428061232, 1.7499119532292833, 1.980429194679473, 0.9534180496581223, 1.5721850775733384, 1.7328950677773791, 0.5098461083681478, 1.8942358196274907, 0.8661645976471068, 1.9131356356029883, 1.5215793367831947, 1.368440997848538, 1.4208444985003659, 0.6810196418549154, 1.8471567470202759, 0.7076739061549954, 1.0389400269321514, 2.0664213434784133, 1.4189325429605932, 1.677632036769536, 1.9513248239402474, 1.0321722604184256, 2.0925505667282738, 1.1187765341770544, 0.5697509233173608, 1.1950693336608371, 0.9734997883553193], "run_time": 0.10617999792098999}, "UG": {"result": [1.3265776351123677, 1.123672723370813, 1.1408824222182432, 1.9662220989170405, 1.512367436022439, 1.9908101986126507, 1.157110453809412, 1.4887591674080787, 2.099897921880798, 1.0560308693709954, 1.9585325402686422, 1.1012864213241316, 1.7757658582847706, 1.0370100415898085, 0.9227694827791602, 1.491239044209924, 2.315677337488966, 1.3767843281209065, 1.5197942670078441, 1.7138318075770616, 1.1013911045996847, 2.00242230694159, 2.0773893278532194, 1.0850633432903096, 1.8052654503314693, 2.0205361659083168, 1.2242109285068004, 1.620702943860364, 1.7828925194254743, 0.8344605852305326, 2.1649162528915036, 1.184945629626336, 1.8987097404762936, 1.6952423336583888, 1.2247979960807167, 1.4225870795151523, 0.963862836410703, 1.7368645822485378, 1.2224994253993313, 1.4320308814631606, 2.0175559062203927, 1.4490038989080471, 2.2743492114934836, 2.5311819954962376, 1.1209229941405348, 1.769131106147733, 1.1544947118322366, 0.8709547222688693, 1.4213552091516743, 1.1974874991253266], "run_time": 0.30704001665115355}, "Quad-leaf": {"result": [1.3273655891036624, 1.2458576808738644, 1.1010479817618875, 2.219366826399252, 1.0180385906300977, 2.0251986522289203, 1.3504313119227016, 1.6744296878742393, 2.187663285354562, 1.1613361029351499, 2.120105609160415, 0.8053579952581986, 2.0259415838875956, 1.0188624688996482, 0.7246803454664474, 1.517735651533362, 2.448285446679688, 1.4257010058983681, 1.012078449759962, 1.1070952211751104, 0.8226159869614582, 1.2555524304929842, 1.2535646882001528, 1.2511367911308366, 1.5984899353183446, 2.3514701499759294, 0.9595886992109702, 1.3833891182373927, 1.8939525498891476, 0.9456603084389991, 2.583873639033538, 1.0050016291474133, 1.9467902510571098, 1.3746818408550256, 0.9448072169650472, 1.4441679211594023, 0.6355186191964824, 1.1926597214631076, 1.250312200268279, 1.2066201488446295, 1.7148911419211545, 0.8736723816751659, 2.173475682379508, 2.6253570974752027, 1.2263050636083082, 1.9018133483338269, 1.3800418918896753, 0.857490144634561, 1.4087401876805385, 1.0632769664775856], "run_time": 0.09316000461578369}, "Quad-uniform": {"result": [0.12226397524317975, 0.14494654396929837, 0.10833613165860213, 0.1722783877933296, 0.1811171035615412, 0.1845922583250536, 0.08335167068708736, 0.09634384241155465, 0.30354675791322994, 0.21734689550634823, 0.1463582379950164, 0.2158375905249015, 0.1408314934069852, 0.11750441249966453, 0.13819990638089877, 0.2934077343577212, 0.20822066234903044, 0.1507194369375296, 0.14987788612506323, 0.32499570703998415, 0.1256394298414382, 0.2666454939392255, 0.26739196938900195, 0.10606937346758533, 0.30997269186740567, 0.30897983972651216, 0.1497144054574518, 0.21645717507159207, 0.22332358769757432, 0.18179726458196938, 0.2963897009213425, 0.2877852509646186, 0.14671963884539874, 0.20774056721378562, 0.17662025809799298, 0.1961789940800179, 0.10960258372092642, 0.20095739339216512, 0.1806201247402073, 0.21188135443087402, 0.21626546458957518, 0.23376524665660753, 0.24706944506311626, 0.2511158500650543, 0.1320959174369622, 0.1568691272464944, 0.10950418214691049, 0.09914742281331072, 0.2169500513533298, 0.26616453977647037], "run_time": 0.12112970113754272}, "Quad-geo": {"result": [0.20952545530229502, 0.18009259577655748, 0.1671686196850232, 0.26282978655603045, 0.2974032657417235, 0.31037181850655726, 0.13864665668041523, 0.16195269730593023, 0.47241065833885576, 0.2787249847159223, 0.25296361678899754, 0.31702130006653256, 0.2325050647671051, 0.170987948564217, 0.21020024353816474, 0.37192262457317, 0.3529408569691865, 0.21522086547108177, 0.29587323807701355, 0.4722707464219179, 0.2004161777589847, 0.4121652758524798, 0.4137117887286619, 0.1457175372548288, 0.4872300776874327, 0.4560099364359619, 0.2064007637003384, 0.3288601820728325, 0.3248830634420466, 0.24114488501306608, 0.47628182317375156, 0.39528747082447974, 0.23213141984574565, 0.32542324981161297, 0.25933006325687713, 0.2616457684522651, 0.1659938174252785, 0.3381432183653384, 0.25679595363765084, 0.30227463388087145, 0.3636713339523652, 0.36946793713466586, 0.3845853523794297, 0.41912661962317677, 0.18106530298608212, 0.2667015912651606, 0.1562989055150004, 0.15495936863649792, 0.2995591838379049, 0.3179126900732036], "run_time": 0.12874032497406007},