{"params": {"epsilon": 0.1, "seed": 1, "sigma": [0.5], "shape": ["circle"], "num_data": 50, "population": [100000], "dimension": 128}, "algos": {"idt": {"result": [0.12108091543176396, 0.12117150731890028, 0.11865152177447928, 0.12320081096788343, 0.11700395764816636, 0.1228107069169642, 0.12015560175842256, 0.1205994089484698, 0.11422082712607602, 0.12713161823901867, 0.12301246926424916, 0.126613680968608, 0.11717374602825421, 0.11772659930574904, 0.12241552870375687, 0.12264634631374983, 0.12254544245008518, 0.12261923628303933, 0.12157419906153674, 0.12131142396692439, 0.11867961508682381, 0.1202235026088801, 0.12165785756749502, 0.12231727478824365, 0.12007253876765923, 0.11876708717272247, 0.12399402399099389, 0.11671046966478343, 0.12172686870039591, 0.11963296568939401, 0.11936382826059477, 0.11929286392856074, 0.12638812932037768, 0.12181977942815021, 0.11929741535696346, 0.12120796477668216, 0.12111488711912605, 0.12149505157835509, 0.12184455462413796, 0.11912280967670262, 0.11862706463245305, 0.1192198550171019, 0.11991066707917256, 0.1238562716235534, 0.12003623715326751, 0.12196877219480519, 0.12140686301397154, 0.11813476698613017, 0.12205996052295523, 0.12493960911809245], "run_time": 0.005309996604919434}, "uniform": {"result": [0.7492038523358355, 0.7381288485007401, 0.7286108620476086, 0.74938219636853, 0.7354049081668993, 0.7445435283200572, 0.7355535096385033, 0.740849445357885, 0.7140813071414043, 0.7550805904047265, 0.7422438074576316, 0.7627136837330439, 0.7126731777884605, 0.7230832335155303, 0.7489784319544638, 0.7386928475708963, 0.735261077404814, 0.7461617279494319, 0.7229495183675358, 0.73974773274474, 0.7339402024113652, 0.7385336895151915, 0.7537422479150905, 0.7500737757309272, 0.739985858859664, 0.7294604920181189, 0.7415724680581522, 0.7189362405229246, 0.7310838464252172, 0.741996308963166, 0.7309671449933155, 0.7362928908319869, 0.749494541876493, 0.7451541024062321, 0.7294402983522682, 0.736356098601915, 0.7390789332315806, 0.7417108062317136, 0.7357764129532625, 0.7364609828704004, 0.737426474347672, 0.730860758645513, 0.7275235703507185, 0.7534556784671893, 0.7416642891026204, 0.7549170018904987, 0.7327213901672236, 0.7330279920902029, 0.7513816166461984, 0.753259549459251], "run_time": 0.005249676704406739}, "AG": {"result": [0.030906367068574383, 0.029881990861553864, 0.028024643410702366, 0.03289155903150903, 0.025043073940705127, 0.02847526776074069, 0.027684584187787804, 0.027507873642593723, 0.030086400037970983, 0.03332184528860742, 0.032541201948950035, 0.029066496733134696, 0.02657100032868128, 0.02753576400140637, 0.02782851047160561, 0.028533774604062968, 0.031879031813038146, 0.027528318751293, 0.027521139208751325, 0.027684387823676295, 0.030007759199194774, 0.03298334763335759, 0.031103464167706794, 0.03144507333775924, 0.03128839618076149, 0.02991649033896742, 0.0325854409743585, 0.02895706033641054, 0.027620913044141295, 0.02817036669351245, 0.02981630964223419, 0.032138427130014566, 0.02882113268374777, 0.029628115230036865, 0.02651110983690832, 0.028803879945752273, 0.029026307053606384, 0.02809186998315543, 0.02926758187520187, 0.028622109589436916, 0.033700030446135225, 0.029846394362606478, 0.03074802941284863, 0.028123956833255324, 0.02995133027695053, 0.032465180735050295, 0.029605228518765438, 0.030287796782338818, 0.03145440647976418, 0.03729764936596193], "run_time": 0.020309996604919434}, "UG": {"result": [0.02922498380083006, 0.028816989621781176, 0.0274948881784113, 0.029941646676276988, 0.02837268163278789, 0.02996461661060661, 0.029419281527669403, 0.029469338093562468, 0.02751305030486548, 0.02966549468244895, 0.03106514458766516, 0.030366602608663407, 0.027993578043368238, 0.02842626503441712, 0.028846078587195012, 0.02905581411214667, 0.03044755415613306, 0.028500220582065253, 0.02853487716066839, 0.030038744877323772, 0.02863878832425314, 0.027522215904942027, 0.028766246266333242, 0.02991658002503603, 0.02811692979360676, 0.029327647549305995, 0.029631580882060866, 0.02886388375920776, 0.027927008426223268, 0.028614520618000943, 0.028578220399579444, 0.029976175563220544, 0.030446067549279077, 0.027617749673383634, 0.027687416588507867, 0.028240034863607072, 0.028702746560672017, 0.029458872877261854, 0.02897345288142001, 0.029355035634582364, 0.02889126913369344, 0.028243244688275077, 0.027783354876082366, 0.028587366411212827, 0.0285701977717318, 0.028228653033939226, 0.028724519271651587, 0.028141875605278716, 0.029889203026597574, 0.030230747979593957], "run_time": 0.01277031660079956}, "Quad-leaf": {"result": [0.11420759897133435, 0.11008522957551388, 0.11071309839382708, 0.1131284170970702, 0.10604570905973236, 0.11029891036027127, 0.10798630774073513, 0.10925892979527871, 0.10417727021000212, 0.11237346720783702, 0.11351096241575828, 0.11408292072473933, 0.11273503244601103, 0.10844638858444637, 0.10808675250988714, 0.10904807084341436, 0.11634871433702733, 0.11686897472394843, 0.1159649402502701, 0.111664003638732, 0.1132174269852621, 0.1114068317332133, 0.10676078379054317, 0.11068273284596535, 0.11323208096979918, 0.10756397746670789, 0.11108358413888471, 0.10675789205200979, 0.10930281341966129, 0.1094165721082686, 0.10612009173191157, 0.1081463291204474, 0.11345487815700465, 0.11536454037179206, 0.10748785675337812, 0.11485831459934183, 0.10719872732335253, 0.10928562382794751, 0.10864500510539649, 0.11383809587926799, 0.1154180689379664, 0.10880620230355706, 0.11094908902762318, 0.11159793217372935, 0.1113428322110374, 0.11537395006822335, 0.10976023251010199, 0.10641932856225535, 0.11134341564933559, 0.11133475795540426], "run_time": 0.10172971963882446}, "Quad-uniform": {"result": [0.20918289202192078, 0.21600189075587423, 0.21343431623099987, 0.21280516323072815, 0.20657021152148267, 0.21554174583350266, 0.21142161340597362, 0.2094597468875315, 0.20675834540536106, 0.21444100829519858, 0.2159982993953643, 0.22708696511916693, 0.19694337312172433, 0.2143421751393405, 0.20789190234050556, 0.2032736222429807, 0.21103681749595915, 0.2227306330052628, 0.21082649996358135, 0.20755745504117987, 0.21347710961613428, 0.21324213521419602, 0.21399173089072143, 0.22092640079039733, 0.2140706428066179, 0.20876220007619303, 0.2132418966608273, 0.20694304465225372, 0.21416095458513562, 0.2095598407524011, 0.21150520555620977, 0.2168082436805464, 0.21596024319065923, 0.21955736379761387, 0.20516454778097945, 0.21146029093638755, 0.21004025730468606, 0.21298624140745584, 0.2134107791141073, 0.2062353115928148, 0.21171424609117293, 0.2073718380073741, 0.21097364998282028, 0.21049154784809684, 0.21037509289306497, 0.2185456415424303, 0.20956875135719494, 0.20989066147704188, 0.22066367250575597, 0.2110142084366131], "run_time": 0.13365997076034547}, "Quad-geo": {"result": [0.13727373136596255, 0.13921618756327253, 0.13670813987200928, 0.13644430084236933, 0.1357000796556124, 0.13903915700596378, 0.13687647433603006, 0.13591301643909576, 0.13428086213679036, 0.13560302888092315, 0.1396038389161198, 0.13959115732472344, 0.13473617297684448, 0.1403636396528049, 0.13413395991090699, 0.1323957092255427, 0.1377966169288859, 0.1414353526665268, 0.13570851482641103, 0.13545599487668478, 0.13763033945961795, 0.13642395659838907, 0.13836239744758597, 0.14327324207362227, 0.13247215135935284, 0.1379409313278314, 0.13841285531580041, 0.1317837009558088, 0.13547907208714668, 0.13660100167243758, 0.13885756143178407, 0.1383549444239766, 0.13687316233218824, 0.13749518512927758, 0.132881061209057, 0.1356897269432787, 0.1357615987366939, 0.13815703653587, 0.13660245919493616, 0.13840386690411313, 0.13522156240329905, 0.13618969797038283, 0.13351497816860433, 0.137710045279572, 0.13513201535323252, 0.1408689620593836, 0.13444381776757763, 0.13827466468784205, 0.14142926877919176, 0.14025712394045195], "run_time": 0.14120999574661255},