{"params": {"epsilon": 0.1, "seed": 1, "sigma": [0.1], "shape": ["circle"], "num_data": 50, "population": [100000], "dimension": 128}, "algos": {"idt": {"result": [8.900473444155063, 14.42253583715163, 12.064012577226636, 14.720012122668363, 14.546598337388659, 8.372201963498327, 9.208848663014162, 14.518822736774139, 9.372137195831124, 12.295090774194188, 15.854623066671218, 12.629695167858724, 10.51191155913458, 7.582864342763118, 15.18073774584563, 14.535344204436601, 14.432680925092548, 10.581909375501562, 11.081463207429719, 9.107477748085614, 7.849409414919019, 15.3734001009454, 8.599691375228662, 16.933458885968008, 8.509389222182625, 10.843048004416172, 12.920132264093569, 13.647479967879528, 13.571361606791633, 8.0518643541924, 12.090000998088826, 12.223499086011236, 8.212725610889494, 14.30836046218721, 8.788303900892982, 11.02581649750693, 9.375634347421437, 10.439413659067945, 8.879961531992773, 8.01954339843646, 12.76137915082978, 8.860789164323942, 15.774459075726698, 13.275580751415065, 16.715652729017698, 12.6811137721925, 12.14455520723825, 14.857201946577687, 11.435738779055354, 8.858733160078684], "run_time": 0.005360291004180908}, "uniform": {"result": [168.85806184399567, 402.19866440539704, 303.8133617988881, 398.41185706560367, 437.55983550312476, 138.05454638878146, 155.388811069906, 455.7262920210178, 182.3233967959998, 319.691610916637, 503.22002485056896, 265.98588247575304, 221.60730518517292, 122.72506870469698, 393.293741959841, 402.30317810902045, 417.7969895916203, 211.78857276777956, 240.96681733154196, 150.22132462411358, 146.08417212093943, 378.7511346295527, 141.74810934221594, 504.39992556823256, 130.92152740084464, 229.20978649865796, 302.7649452508541, 374.73950790828957, 336.6071480955153, 153.9370596206645, 305.6398051590436, 280.1683316873452, 163.701123100429, 440.52286151758415, 138.31702706211783, 223.10076183092005, 136.0539170986716, 192.8708857637272, 143.53342518975546, 124.46720473859345, 297.4402507154427, 172.76513183876443, 412.8456464611765, 355.6720194650406, 556.2892882854984, 284.34660109903933, 229.57096277100047, 389.8071591607657, 244.18004144383747, 140.36361322681566], "run_time": 0.005279777050018311}, "AG": {"result": [0.5768820330147832, 1.2887560556298727, 0.9740886230179203, 1.0739819001519222, 1.458944451208659, 0.718139226194728, 0.5647686743557789, 1.1420807853684496, 0.6434141201502837, 2.0172213403593764, 1.5858642447511284, 1.3948798062178482, 1.2360565672356256, 0.8427561339686128, 1.4906701509521705, 1.4053613345587417, 1.9706734936408252, 1.3096144261609877, 1.1948905535969176, 0.8128193824577936, 0.95615141343557, 1.3313735507946172, 0.5881117719108743, 1.2192968625484168, 1.317383356195848, 1.0191580889674303, 1.0779309394745653, 1.7410886794391658, 1.6184778414771566, 0.621157724470645, 1.1766475121661648, 1.1362521712975222, 0.579011355128128, 1.5163637093975781, 0.8490476227575756, 0.8798748378187504, 0.808643225804429, 1.0593389594876796, 0.8225158865159099, 1.0145060144884768, 1.1257168935902184, 0.9805156718546268, 1.5897317633175299, 0.9439194519754665, 1.893076043301612, 0.8315436893796041, 0.9796969547424117, 1.0211445508767674, 1.0002657470123595, 0.9935245830738682], "run_time": 0.0208506178855896}, "UG": {"result": [1.6182762826905535, 2.8316920082473698, 2.430773633374567, 3.0156230626331206, 3.1849705025855246, 1.5900285320154963, 1.6761756586512833, 3.2134218625407174, 1.6888973026692005, 2.5072681284413276, 3.406146725626422, 2.153901107593493, 1.7988768452523696, 1.4943398884605694, 2.788475497158294, 2.967377060338512, 3.038892996981923, 1.9823613495159882, 1.832270699133865, 1.6827139619256128, 1.461399174182573, 2.584754816607163, 1.525825783498647, 3.5542456517703567, 1.5849776233218968, 1.983257584233237, 2.4703594455119795, 2.601700648472019, 2.609203726409719, 1.4947246631968132, 2.4502870501547376, 2.392976423759236, 1.546271928650918, 3.144954616588234, 1.6264119946531577, 2.0597130823544347, 1.5877478955132815, 1.8567771119687242, 1.647776360187694, 1.549538861502493, 2.3667624901380946, 1.6265646115147925, 3.1596015931092944, 2.5057182403446645, 3.5578090468343575, 2.276328174393212, 2.281707312347382, 2.8061276486412, 2.2284806077877346, 1.6281023015015867], "run_time": 0.012900002002716064}, "Quad-leaf": {"result": [6.50225076598618, 10.687690839630509, 5.38679024411534, 7.818385418753517, 9.499034884862263, 4.917547217240308, 6.172897634905163, 9.09330388207584, 6.810374944888323, 5.743976646309228, 6.564192662532318, 6.246183697298755, 7.85573238609257, 5.560751939749443, 10.67832847748214, 5.047407433113859, 5.869485704440655, 2.877445430956064, 7.223873366060934, 5.388042832656984, 6.113368351932151, 10.013600099015598, 5.890955658183569, 10.934719367190104, 8.049369910644492, 3.1951249916725915, 9.942840157781207, 11.215304311162008, 6.004361192801371, 6.271493827226833, 5.465225160717814, 9.372363700553535, 6.427427844540289, 8.67923378004058, 8.661081375474796, 3.451059133987803, 6.721962303765975, 6.390982890291927, 5.2453747497416785, 4.6263670943241495, 4.501733852111766, 6.151692062465778, 9.0702692440187, 10.518445117312407, 7.434891947647922, 4.347215752003167, 10.225383430153936, 10.822348721194711, 8.734475281436453, 8.752119529218918], "run_time": 0.09343039989471436}, "Quad-uniform": {"result": [1.8259629087665474, 3.4098718046815564, 5.113661492685093, 4.692089232145012, 6.111697955240406, 2.515794643419603, 2.9986451064083406, 6.431726178220506, 1.8061955074164078, 5.190136554776974, 5.111456980836292, 3.924006061662173, 2.081567765279761, 2.2773230935234965, 4.0060225588796765, 5.385846879189498, 4.823756788566965, 4.069892969814603, 2.202834434549959, 2.8307014801930572, 1.451419284329005, 3.8032001698078903, 3.0137851117215844, 4.898803826502148, 2.7967976982284264, 4.098895740942346, 2.840135883603539, 3.2638710129070803, 4.450995359973562, 1.473088469580424, 5.145457405167966, 2.5468591689296027, 1.5189266119767633, 6.514514040485935, 2.962887860725129, 3.806089240274429, 2.64118472813382, 3.439292461129741, 2.7901679209569954, 2.408815522159288, 4.982088122928997, 1.540391067173281, 5.179700623995955, 2.9447614333011076, 5.018206299182797, 4.507075113602975, 3.878694727680547, 3.450337970670641, 2.421677275605981, 3.0196303283151704], "run_time": 0.12274999856948852}, "Quad-geo": {"result": [1.9373947340922462, 3.3001520765329753, 5.074557906795839, 4.513588689981023, 6.066319147419542, 2.4224306555817563, 2.9532233621734076, 6.494660290104424, 1.9234246039493288, 5.217066269739196, 5.188293421239007, 3.7492523385183665, 2.201418385349061, 2.2047146831922193, 3.9608378661375374, 5.5082569731077875, 4.682845280198721, 3.727461741980617, 2.3967732870828056, 2.6686048373427402, 1.5517199271680888, 4.05083900702547, 2.66750835909889, 4.833173404856172, 2.673890317769168, 3.847411851345865, 2.9273917187385696, 3.1648158771227686, 4.2529963789180005, 1.6309072861094995, 5.101876507677504, 2.669031297403849, 1.6494785443492652, 6.295937020017248, 2.848097293843377, 3.6555674113470147, 2.4130421019397974, 3.3462897892940413, 2.6692425154537083, 2.2213401168276232, 4.553225662951522, 1.7654274265196688, 4.220182195349116, 2.9779010810301747, 5.207336847177228, 4.481804957743998, 3.493394570270378, 3.2725815232052766, 2.441519628262756, 2.8477967048415227], "run_time": 0.12980969190597536},