{"params": {"epsilon": 0.1, "seed": 1, "sigma": [0.1], "shape": ["circle"], "num_data": 50, "population": [100000], "dimension": 128}, "algos": {"idt": {"result": [8.900473444155063, 14.42253583715163, 12.064012577226636, 14.720012122668363, 14.546598337388659, 8.372201963498327, 9.208848663014162, 14.518822736774139, 9.372137195831124, 12.295090774194188, 15.854623066671218, 12.629695167858724, 10.51191155913458, 7.582864342763118, 15.18073774584563, 14.535344204436601, 14.432680925092548, 10.581909375501562, 11.081463207429719, 9.107477748085614, 7.849409414919019, 15.3734001009454, 8.599691375228662, 16.933458885968008, 8.509389222182625, 10.843048004416172, 12.920132264093569, 13.647479967879528, 13.571361606791633, 8.0518643541924, 12.090000998088826, 12.223499086011236, 8.212725610889494, 14.30836046218721, 8.788303900892982, 11.02581649750693, 9.375634347421437, 10.439413659067945, 8.879961531992773, 8.01954339843646, 12.76137915082978, 8.860789164323942, 15.774459075726698, 13.275580751415065, 16.715652729017698, 12.6811137721925, 12.14455520723825, 14.857201946577687, 11.435738779055354, 8.858733160078684], "run_time": 0.005457813739776611}, "uniform": {"result": [168.85806184399567, 402.19866440539704, 303.8133617988881, 398.41185706560367, 437.55983550312476, 138.05454638878146, 155.388811069906, 455.7262920210178, 182.3233967959998, 319.691610916637, 503.22002485056896, 265.98588247575304, 221.60730518517292, 122.72506870469698, 393.293741959841, 402.30317810902045, 417.7969895916203, 211.78857276777956, 240.96681733154196, 150.22132462411358, 146.08417212093943, 378.7511346295527, 141.74810934221594, 504.39992556823256, 130.92152740084464, 229.20978649865796, 302.7649452508541, 374.73950790828957, 336.6071480955153, 153.9370596206645, 305.6398051590436, 280.1683316873452, 163.701123100429, 440.52286151758415, 138.31702706211783, 223.10076183092005, 136.0539170986716, 192.8708857637272, 143.53342518975546, 124.46720473859345, 297.4402507154427, 172.76513183876443, 412.8456464611765, 355.6720194650406, 556.2892882854984, 284.34660109903933, 229.57096277100047, 389.8071591607657, 244.18004144383747, 140.36361322681566], "run_time": 0.005349087715148926}, "AG": {"result": [0.5768820330147832, 1.2887560556298727, 0.9740886230179203, 1.0739819001519222, 1.458944451208659, 0.718139226194728, 0.5647686743557789, 1.1420807853684496, 0.6434141201502837, 2.0172213403593764, 1.5858642447511284, 1.3948798062178482, 1.2360565672356256, 0.8427561339686128, 1.4906701509521705, 1.4053613345587417, 1.9706734936408252, 1.3096144261609877, 1.1948905535969176, 0.8128193824577936, 0.95615141343557, 1.3313735507946172, 0.5881117719108743, 1.2192968625484168, 1.317383356195848, 1.0191580889674303, 1.0779309394745653, 1.7410886794391658, 1.6184778414771566, 0.621157724470645, 1.1766475121661648, 1.1362521712975222, 0.579011355128128, 1.5163637093975781, 0.8490476227575756, 0.8798748378187504, 0.808643225804429, 1.0593389594876796, 0.8225158865159099, 1.0145060144884768, 1.1257168935902184, 0.9805156718546268, 1.5897317633175299, 0.9439194519754665, 1.893076043301612, 0.8315436893796041, 0.9796969547424117, 1.0211445508767674, 1.0002657470123595, 0.9935245830738682], "run_time": 0.021177794933319092}, "UG": {"result": [1.6182762826905535, 2.8316920082473698, 2.430773633374567, 3.0156230626331206, 3.1849705025855246, 1.5900285320154963, 1.6761756586512833, 3.2134218625407174, 1.6888973026692005, 2.5072681284413276, 3.406146725626422, 2.153901107593493, 1.7988768452523696, 1.4943398884605694, 2.788475497158294, 2.967377060338512, 3.038892996981923, 1.9823613495159882, 1.832270699133865, 1.6827139619256128, 1.461399174182573, 2.584754816607163, 1.525825783498647, 3.5542456517703567, 1.5849776233218968, 1.983257584233237, 2.4703594455119795, 2.601700648472019, 2.609203726409719, 1.4947246631968132, 2.4502870501547376, 2.392976423759236, 1.546271928650918, 3.144954616588234, 1.6264119946531577, 2.0597130823544347, 1.5877478955132815, 1.8567771119687242, 1.647776360187694, 1.549538861502493, 2.3667624901380946, 1.6265646115147925, 3.1596015931092944, 2.5057182403446645, 3.5578090468343575, 2.276328174393212, 2.281707312347382, 2.8061276486412, 2.2284806077877346, 1.6281023015015867], "run_time": 0.013130357265472412}, "Quad-leaf": {"result": [6.161827133192682, 10.323265707758686, 5.311851475200405, 7.885037056455147, 4.000298284935873, 4.323191122704231, 5.800855121479561, 8.892145004784089, 6.4979760030944185, 5.691197332440973, 6.120289237852498, 5.831737896225297, 7.613095591283241, 5.11071421576956, 10.641179080284562, 4.6740875796666, 5.772786553591333, 2.7824266657725505, 6.825891228729088, 4.856710169406727, 5.829209429962924, 9.778586679555595, 5.326620404366947, 10.86800317907678, 7.826473442447409, 3.2071514670355485, 9.717498007821792, 10.88358687558503, 5.904753536452341, 5.970493794263445, 5.395434012140486, 9.11665908910988, 6.138304371820828, 8.711656091761297, 8.263321235872732, 2.6077784839199083, 6.205003063503653, 5.633454214682475, 4.718662906123043, 3.892058140752513, 4.134139697556026, 5.880178078345901, 8.95186709674936, 10.213586600249947, 7.007470697962855, 3.9861458094235624, 9.72265518589716, 10.841530296562953, 8.417348309092937, 8.39370191568587], "run_time": 0.096299889087677}, "Quad-uniform": {"result": [0.7944201330788738, 1.130059178145836, 2.1076410749778183, 1.3918622101781757, 2.780525340598794, 1.2593580280756091, 2.0312391895172937, 2.8811469580332343, 1.0124831745632958, 2.1218263178576917, 1.8934356396203025, 1.826755263198501, 1.1630090345784798, 1.147617732722465, 1.6287747458426434, 1.6680678787185366, 1.6478370421362998, 1.334123394374607, 1.0785318204795036, 1.3188980125485863, 0.7454394686221867, 1.4965035838733842, 0.9138299801271762, 1.455425605785818, 1.7200945342671756, 1.5168630802815297, 1.3313721546236446, 1.0982381334046067, 1.37218594219442, 0.905795989623317, 2.1266594947321327, 1.278980763505328, 0.8857201244348698, 3.1681252847045647, 1.8234585817134559, 1.4883418759994942, 1.2833672714028004, 2.0056290840004958, 1.3439017070908275, 1.0628993573125762, 1.79836085021931, 0.8011547753152283, 1.2552979493241054, 1.7530687989806233, 1.6308590605550466, 1.9863593412244704, 1.5254635834906354, 1.2458733624873488, 1.4395720603461182, 1.957061655890735], "run_time": 0.12570083141326904}, "Quad-geo": {"result": [1.9373947340922462, 3.3001520765329753, 5.074557906795839, 4.513588689981023, 6.066319147419542, 2.4224306555817563, 2.9532233621734076, 6.494660290104424, 1.9234246039493288, 5.217066269739196, 5.188293421239007, 3.7492523385183665, 2.201418385349061, 2.2047146831922193, 3.9608378661375374, 5.5082569731077875, 4.682845280198721, 3.727461741980617, 2.3967732870828056, 2.6686048373427402, 1.5517199271680888, 4.05083900702547, 2.66750835909889, 4.833173404856172, 2.673890317769168, 3.847411851345865, 2.9273917187385696, 3.1648158771227686, 4.2529963789180005, 1.6309072861094995, 5.101876507677504, 2.669031297403849, 1.6494785443492652, 6.295937020017248, 2.848097293843377, 3.6555674113470147, 2.4130421019397974, 3.3462897892940413, 2.6692425154537083, 2.2213401168276232, 4.553225662951522, 1.7654274265196688, 4.220182195349116, 2.9779010810301747, 5.207336847177228, 4.481804957743998, 3.493394570270378, 3.2725815232052766, 2.441519628262756, 2.8477967048415227], "run_time": 0.13270790338516236},