{"params": {"epsilon": 0.1, "seed": 1, "sigma": [0.35], "shape": ["circle"], "num_data": 50, "population": [100000], "dimension": 128}, "algos": {"idt": {"result": [0.39211984676065015, 0.44947493729946464, 0.5447211682631352, 0.4566978744978475, 1.3108179903193364, 0.438657867395822, 1.2867320879988597, 0.52185634465251, 0.4318084592539134, 0.6073186317982365, 0.5778258050878176, 0.814582140040482, 0.8727732828920294, 0.620614801672702, 0.5039821725621941, 0.6459029213039582, 0.8072349196626322, 0.44458164405667844, 1.2302971463186418, 1.2300727832663993, 0.8432370792652728, 0.997463361398193, 0.6159044935987661, 0.9285614581118539, 0.45052769009438337, 0.6303879520113631, 0.45585606676133683, 1.009230882147257, 0.4027555795347734, 0.8984963083654327, 0.48532112480237455, 0.5180874372895512, 0.6816861297274625, 0.8660416480323269, 0.6023870835805168, 0.6674151817013576, 0.7464490763757631, 1.1958164580283837, 0.44582853586309124, 0.49755109560268895, 0.5015061117884062, 0.6340412668508778, 1.1397860716529693, 0.6799593417658114, 0.9357072547371025, 1.2812104306473657, 1.2111622200532481, 0.909919090640229, 1.437165843299175, 0.8844746260445107], "run_time": 0.005260004997253418}, "uniform": {"result": [3.4721422568439295, 4.3534891701219705, 5.572276903542599, 3.672319363020949, 13.455511811197129, 4.282763694013921, 13.222148997000517, 4.224739970909385, 4.166889361742953, 5.009230968635495, 5.265948543267991, 9.24589882676873, 8.192550104774924, 5.358567514014299, 4.179811464584887, 5.671644602423332, 9.208357404136484, 3.857377297141022, 11.843750399804499, 10.665796705262226, 9.540159197944325, 11.350357916910236, 5.411890602524926, 9.354853057528718, 3.8110985197528713, 5.475950784874321, 3.6956331197717383, 8.315421394545996, 3.5644374711535645, 7.9236324132140545, 4.995089294163291, 5.433246213680868, 5.291037555027668, 7.63699482821468, 5.351831964079207, 7.398353290049002, 6.030833790381977, 13.482151662746897, 3.653804731744866, 5.005769322787346, 3.9019484915430054, 6.628642539697764, 10.295072378091954, 5.976081371098958, 11.010225868292931, 13.071231403043118, 13.22625788776996, 7.6132982691632956, 14.467617578481601, 10.27543461198962], "run_time": 0.00516998291015625}, "AG": {"result": [0.05942084223383044, 0.09477524354837129, 0.07381603151473574, 0.06798683655406917, 0.09238544573122649, 0.08132446052075169, 0.1134014953837407, 0.06448051969064934, 0.05804473152635268, 0.06799700004079909, 0.06882389148321681, 0.08957004617779814, 0.09718523883806954, 0.07597253153008583, 0.06756919779933274, 0.06873045034256008, 0.12778995109172692, 0.05050764920244509, 0.10630792917267161, 0.08352601861217025, 0.09183469375360931, 0.0940415638476927, 0.07249573626852564, 0.12206068903266916, 0.07250814484507291, 0.09992743564478318, 0.06563427872347909, 0.07759673796884832, 0.06818801616561293, 0.08489473394331919, 0.06111643557755771, 0.0690720787797263, 0.08129223247448045, 0.09591234918638882, 0.0637376560906193, 0.0685720779265869, 0.08170623328304379, 0.12373586787425153, 0.061745135988763605, 0.07235336057027783, 0.0711189580765283, 0.07019726207344414, 0.09440263732909131, 0.06994883538238934, 0.08219985862888506, 0.13747602260645608, 0.11163130821228355, 0.07656265412259282, 0.09833080596336474, 0.07643866967914185], "run_time": 0.032270283699035646}, "UG": {"result": [0.10284581255468996, 0.11207507133177459, 0.12612180946926752, 0.1117798020050696, 0.28577153534617605, 0.11052997118595062, 0.29602295726350936, 0.11569794076809578, 0.11117865727544421, 0.146959191471096, 0.13284448252421036, 0.17849749502038476, 0.21379149611939186, 0.1563735210645321, 0.11537542568506473, 0.16439638774463822, 0.17332041159515008, 0.1080247913101302, 0.2948642207034651, 0.244329184500703, 0.18031352650537708, 0.2111826229087897, 0.16091257109019416, 0.1999482418737136, 0.12054374408835568, 0.12959754537475196, 0.11338526685472894, 0.20018967552286118, 0.10507611976551336, 0.20215763579973825, 0.11788912951378336, 0.12232144923790413, 0.1367504507063501, 0.19678824314925877, 0.15762757316609735, 0.15544684748529386, 0.15769532224173002, 0.23633944112124305, 0.10566566394722983, 0.1214447177208359, 0.11389062593178743, 0.142458522031659, 0.238742390559921, 0.18124103913740422, 0.19845748608638353, 0.29238658021143676, 0.26138443408803574, 0.19204837230342328, 0.29984545531419166, 0.19335326893805718], "run_time": 0.012860000133514404}, "Quad-leaf": {"result": [0.3974266131343799, 0.3915346760167618, 0.5078033877630808, 0.41523256509318196, 0.6787745763765481, 0.392908734702522, 0.6650478826893675, 0.34975947438806054, 0.3829156050631981, 0.4165621105925064, 0.42306198475943085, 0.7459832025772948, 0.534495883235864, 0.4913783514433557, 0.36974715655065254, 0.48895367386464783, 0.7568412374114889, 0.3674335900486432, 0.7296130415878043, 0.6775178147376898, 0.7590139125661176, 0.9072737055370022, 0.5232675630556477, 0.6761801668644127, 0.3774357777359573, 0.43589707045005793, 0.4119392233615751, 0.5464727628800505, 0.39140044940798885, 0.5321428020672836, 0.4353667611385173, 0.4737839971054949, 0.3940796045714737, 0.5291482195600938, 0.515942762538689, 0.6307244021116415, 0.45608043355567335, 1.0460845269914225, 0.4296928667997527, 0.4455748610179416, 0.42921979288140116, 0.5763558662675813, 0.6338041334518338, 0.5240283584979736, 0.9122646284957378, 0.6739450310570956, 0.964286385303128, 0.5647922604785215, 0.7402171848032748, 0.8253336041278589], "run_time": 0.09797006130218505}, "Quad-uniform": {"result": [0.44975418506099557, 0.48552155108619205, 0.5214908137751458, 0.5371523351796507, 0.8020249994729082, 0.4464139719578941, 0.8182944844760576, 0.4906322930568143, 0.4554387493726477, 0.510173041205155, 0.5776445492132273, 0.5454132293946231, 0.7866061627765264, 0.6404062563177996, 0.4775332889851526, 0.6579918076870939, 0.6338897017993722, 0.44965461908375154, 0.9368632981972068, 0.6580462600156006, 0.6743406084725989, 0.5861903340953473, 0.645862844498193, 0.7883838043620186, 0.5383271559937567, 0.4929206822820729, 0.5337558827391862, 0.5546456792180786, 0.4948999526976063, 0.596367013365137, 0.4798979646966325, 0.5091962033000939, 0.4023492016625168, 0.5719118820089211, 0.6211772805730584, 0.591527195090943, 0.46743644615831476, 0.6755633981438323, 0.4813732533329759, 0.49289736749110297, 0.5200134301040773, 0.5393526784217831, 0.6582124955205654, 0.7078144049691106, 0.5300305069985292, 0.9527834087872304, 0.8143267192155337, 0.5427003595309234, 0.798245047372267, 0.5408068868256971], "run_time": 0.12855000495910646}, "Quad-geo": {"result": [0.31918554366371393, 0.3426487945645579, 0.3660646953031101, 0.35684760948174443, 0.5477255235074285, 0.32816718910205145, 0.5641843584099656, 0.30367177170995696, 0.3287259377780203, 0.3457657610430298, 0.4023984116259937, 0.3843413714378295, 0.5438202635972823, 0.4272519865417016, 0.31171366169897113, 0.37934606733677606, 0.3715314992521197, 0.32504588740219964, 0.6441258305526938, 0.4577130587981178, 0.3827392179206871, 0.4309735580175969, 0.4280118316185925, 0.5081628075268826, 0.37051327759545166, 0.3083660736185102, 0.361882025197677, 0.3850275024428735, 0.3482287538121087, 0.41057384471906283, 0.3601617173241353, 0.39435638562529846, 0.30435584398941246, 0.40055018906969325, 0.42575113166818873, 0.43715756966185004, 0.3298017660313225, 0.47361508395779045, 0.32862976184964066, 0.3669675866966819, 0.34261562785089944, 0.4084645153486308, 0.45669573269397995, 0.4920068640727414, 0.29759931933123523, 0.6563399180138383, 0.49708631695069483, 0.384240197565436, 0.559844049796996, 0.40752015366214284], "run_time": 0.13547027826309205},