{"params": {"epsilon": 1, "seed": 1, "sigma": [0.2], "shape": ["circle"], "num_data": 50, "population": [500000], "dimension": 128}, "algos": {"idt": {"result": [0.2914041116755608, 0.606378489445877, 0.6135053618417767, 0.4004197031530993, 0.2484098462920726, 0.22398110685650158, 0.40195175584495485, 0.19403317255108285, 0.3571534243909714, 0.6339147671480223, 0.23651100788160062, 0.1635115409651645, 0.14978260037378238, 0.14651888000755137, 0.13915455356078474, 0.28401616072803, 0.2814798605929427, 0.3404439400222938, 0.32987908963421864, 0.24392312189143525, 0.22329448645220445, 0.3995396145980464, 0.31080331963165087, 0.5128741250231136, 0.23528088920834855, 0.2850054619223201, 0.44147114808266474, 0.5167019081775629, 0.38910802209005513, 0.33430726671038086, 0.25875061559889084, 0.27140815434602444, 0.16782357380417123, 0.35753284223250226, 0.18505704714146576, 0.47563533561454396, 0.48052547103193155, 0.3793906452180287, 0.6242133913792973, 0.22922475136458625, 0.649352957072355, 0.13129454757490214, 0.4060783647044351, 0.7037054861067761, 0.21863928695267248, 0.3828217085287233, 0.36870079403814215, 0.2608313581557543, 0.3600384655832229, 0.2769542463555357], "run_time": 0.006239984035491943}, "uniform": {"result": [335.33271375448686, 692.2717184026269, 815.0121106365085, 421.18433975609776, 292.16019758528074, 256.3830474573688, 491.4006388292619, 215.41042086566208, 397.36933154752677, 767.8668606015711, 239.31332475648966, 167.31884334740357, 150.49362193616872, 109.03299229977166, 93.36069465476241, 276.5671494883846, 309.94514666390245, 307.4690322011087, 287.790646203916, 236.04620742030468, 179.00211804485764, 387.18254304519115, 313.6882645416878, 634.7389076966857, 218.00903243067685, 256.7898912323635, 615.9647670348583, 567.0936447458563, 411.88520070301365, 406.4082823407119, 310.22990826646145, 252.001229508761, 167.73689961226953, 353.32581352884995, 179.18533239824234, 532.7022357807863, 501.69652633206425, 388.2735354843319, 904.9221717550367, 237.12636969348247, 955.400840704202, 87.28864953324315, 498.5896391360044, 1002.3680760169818, 158.1019151415549, 391.97479742221617, 482.38152475590437, 246.60993662087344, 327.3698911752782, 260.64543606190136], "run_time": 0.006179707050323486}, "AG": {"result": [0.12234575674635761, 0.2698574790702528, 0.44600595644474433, 0.21708986073830056, 0.1425105677708799, 0.15661591421090135, 0.1820905472466146, 0.10646577283592022, 0.18464393129574797, 0.3300854207066757, 0.10525502577069344, 0.08701658086258456, 0.07041335328137001, 0.11175734370838152, 0.058437645990111635, 0.11149897573472109, 0.15092400014161012, 0.10665878637198574, 0.11352240743735721, 0.10143796428786585, 0.0730910152756226, 0.23311078708857408, 0.20024972290288146, 0.39180476883044163, 0.09453632311124008, 0.14841877253814206, 0.3357463158206998, 0.29724104145249236, 0.22522118197173113, 0.24869110517631332, 0.12263429199919948, 0.15819372326460684, 0.09426786284601088, 0.14597482648270096, 0.10290792477036871, 0.26947525664727023, 0.24501950705346418, 0.15894180853448742, 0.5753941799808967, 0.11244918428258058, 0.627248493457308, 0.08339157147727244, 0.24739273230008713, 0.48087284102850403, 0.09827868608418962, 0.23456376532916778, 0.2513557457998032, 0.13791643681979074, 0.19812448318947262, 0.17019372932509652], "run_time": 0.10831029891967774}, "UG": {"result": [0.2914041140635771, 0.6063785008533746, 0.613505345224281, 0.4004197071709304, 0.2484098280544037, 0.22398110448764902, 0.401951774888002, 0.1940331534297809, 0.35715342663493516, 0.6339147676543637, 0.23651100439647707, 0.16351151643267803, 0.14978258765435704, 0.1465188062319487, 0.13915456521296662, 0.28401615672350217, 0.2814798727465788, 0.3404439419524722, 0.3298790894967694, 0.24392311334038608, 0.22329468953487777, 0.3995396134307689, 0.31080330833234376, 0.5128741049024541, 0.23528089226216456, 0.28500540677081165, 0.4414711447444177, 0.5167019119721793, 0.38910800339818274, 0.3343072685565244, 0.25875060575187075, 0.2714081492094681, 0.16782356981132465, 0.35753282444387285, 0.18505703811712687, 0.4756353351661745, 0.48052547105281007, 0.37939063361281355, 0.6242133462089043, 0.2292247684787402, 0.6493529821555889, 0.13129455304228477, 0.40607836949633813, 0.7037054745662447, 0.21863930378789667, 0.3828216907647038, 0.36870078580059057, 0.26083136369089327, 0.36003846229415337, 0.2769543923499295], "run_time": 0.3046197271347046}, "Quad-leaf": {"result": [0.2729960971355191, 0.5198478409584408, 0.46279187364633595, 0.4453886975913976, 0.25421245558170913, 0.23561408455526708, 0.32527714850993816, 0.2023311580383828, 0.3878766676253673, 0.6968331914417021, 0.2207411894988, 0.1426760667335731, 0.13525279880450383, 0.09671246609685094, 0.06199614949014052, 0.25493583322583, 0.23078005474210816, 0.31600337043149684, 0.2423593873630935, 0.2128808834935359, 0.11128776868109168, 0.3737209236202983, 0.24428126959128713, 0.419574556243038, 0.20084182643457604, 0.2535740847861979, 0.5730419007697545, 0.4203492627553794, 0.40637462495645754, 0.363357047079793, 0.2586547280033375, 0.19471506690000803, 0.1488185087834892, 0.2560951442326406, 0.17088460300008007, 0.5910701732395723, 0.3120921918249019, 0.37857349822161024, 0.715528379206059, 0.2168359096859066, 0.6839494066626643, 0.06652963197728934, 0.314253209044026, 0.6304272973910465, 0.13111189025429626, 0.3822874032354145, 0.4213725024260415, 0.2235692315370566, 0.30293528217171584, 0.20365970680977646], "run_time": 0.10060997486114502}, "Quad-uniform": {"result": [0.059976925327561444, 0.10521145299013955, 0.13360034367956639, 0.06673308685763361, 0.04767267112377335, 0.04471933157090092, 0.07483574781013186, 0.049894588225084746, 0.11141071019192497, 0.12033490232349697, 0.06813996278803686, 0.031141866946384468, 0.044501835765839985, 0.04583918775871068, 0.03224486406689633, 0.0819587858070585, 0.049525399067543475, 0.046587570136438404, 0.05240619761035552, 0.05841713521430787, 0.04908585852388097, 0.09799251704106499, 0.06840092580434327, 0.11913952317092755, 0.06930608389044708, 0.029986223230363516, 0.08281589252527988, 0.09323988125021805, 0.05156518322652562, 0.06925432296086158, 0.050397093661288264, 0.06737816027635725, 0.03838761614346085, 0.048904188719274565, 0.04382779075583582, 0.07477680992653701, 0.099569006482756, 0.061224770243614474, 0.116066077745249, 0.04714914684555291, 0.08857933711610982, 0.046712645873185944, 0.068003793837875, 0.1690112901616782, 0.03245340396503043, 0.06318664879857039, 0.07169343266477923, 0.09340661694645896, 0.046740450809718274, 0.06992895788042043], "run_time": 0.1273503613471985}, "Quad-geo": {"result": [0.0762986020604566, 0.14066313884243306, 0.19049645368914506, 0.06414377369876019, 0.0567347030385842, 0.04956628491832566, 0.10319848424300176, 0.050874101698995915, 0.14758143434414514, 0.118707685063255, 0.060461864797390893, 0.034273724378222264, 0.04384679934319412, 0.04352736193769647, 0.03222182089584642, 0.10266014614670034, 0.0637715255390702, 0.06284100135892151, 0.06504015973872875, 0.06396591310624643, 0.05854668066521134, 0.11778278986904894, 0.08632656054553908, 0.14320832592973295, 0.0750359081360269, 0.03233883001212266, 0.11548234740910858, 0.12383492222926284, 0.04426028942262684, 0.07899355649064935, 0.06462233235771689, 0.0865708684386433, 0.043087186677687836, 0.0593546244835338, 0.04423367633366823, 0.0840424417345247, 0.10947657758134306, 0.07477584306562256, 0.16247396231434538, 0.05221539759279184, 0.11269909068624173, 0.04853113331654323, 0.09265944163575474, 0.24367221048644247, 0.027938755197693226, 0.07701131294249612, 0.09593909421015315, 0.1154262592984936, 0.05485280425314497, 0.08878469819323927], "run_time": 0.13420435428619384},