{"params": {"epsilon": 1, "seed": 1, "sigma": [0.35], "shape": ["circle"], "num_data": 50, "population": [500000], "dimension": 128}, "algos": {"idt": {"result": [0.006668111826270754, 0.01041981646587575, 0.0041062384339035285, 0.014105183008969891, 0.010027958175028622, 0.019847212782475792, 0.02561699705492095, 0.019681583614317915, 0.012943066350841127, 0.012931492737880777, 0.017272613004654814, 0.02786593005196518, 0.004021168639613837, 0.0031054374245811475, 0.020370519544001483, 0.012766971538967687, 0.020323708272261532, 0.003830137972070023, 0.004886899090274307, 0.007590101912344582, 0.006054153186001845, 0.017060965818639837, 0.006292125286818599, 0.006254721384962395, 0.003118275188298629, 0.0026615323900224847, 0.0034580801413338367, 0.003001491396846787, 0.0036110499930955314, 0.01891386780417471, 0.011770286243477496, 0.005629695653326173, 0.025624432407735546, 0.022050445785954845, 0.004357166980358647, 0.008319079946149251, 0.0027548342153930843, 0.02514090710446729, 0.013582314082520384, 0.013573688452926225, 0.01133681625889998, 0.014969188845769843, 0.0171376449808189, 0.0198829489888393, 0.003315062976533368, 0.008912196186433168, 0.005648738465053702, 0.015638538233287366, 0.022400771216705074, 0.006788407392072156], "run_time": 0.006320300102233886}, "uniform": {"result": [2.2370343632289225, 4.976367788227544, 3.1471626594045072, 6.690366828396654, 6.927752958265897, 10.461944222896433, 12.803697968964578, 12.461293909741887, 4.689256374616128, 10.186309901448677, 6.5890754066536745, 14.10593538540967, 3.262533057271362, 2.0762771187751348, 13.646089258290942, 4.583411213247065, 10.295618662031933, 2.6353205288078025, 2.86818352944322, 2.9317251180318706, 2.8218525401905934, 7.501068570582446, 3.121117086395447, 3.466813150663545, 2.2767500854470453, 1.4526424502114383, 2.6075424986415427, 2.4018160206813235, 2.8619924155947207, 7.7166620740426435, 5.831172168378086, 2.125341041384726, 13.88746559718488, 9.233838446203302, 3.163007168603578, 6.661171430986725, 1.5014342973187935, 18.177093602771095, 5.430769693546284, 8.498888849208603, 3.921129692244768, 8.893343136189785, 13.03435336680391, 11.685021341763465, 1.569005182418121, 7.419330279399875, 2.6785568810827867, 6.143636335671467, 10.138454288267232, 2.468728486244546], "run_time": 0.006199696063995361}, "AG": {"result": [0.002510519806613617, 0.005103310465775973, 0.0034850110113340744, 0.005276561573545967, 0.006655410991622425, 0.006737163157004138, 0.009423344471304867, 0.01118097040766315, 0.004756969070187109, 0.012326356696230938, 0.009961253360416457, 0.010456660635872599, 0.004493849347876701, 0.001989609005940098, 0.012384357813604351, 0.003487266498515056, 0.008501494032585193, 0.0032214834500029913, 0.0031702805107516187, 0.0037733824964411747, 0.002976985811309886, 0.005948529300734418, 0.0034034279287017306, 0.004434345709224402, 0.002634336604214423, 0.001752873778745104, 0.0025125499096789873, 0.0024785242232600543, 0.003100565273905321, 0.008366873369305467, 0.005317118872786877, 0.0019887759654621117, 0.01356964723962896, 0.004371226537405477, 0.0026852715999658478, 0.0071477769975562535, 0.001947747900756445, 0.014992258518848096, 0.004871232988783399, 0.007987197849072538, 0.0037635967708752787, 0.008276014385785832, 0.013367376373186211, 0.012390351309728612, 0.0017869412708931046, 0.006122650617253256, 0.0035079881441726596, 0.006177716378662126, 0.006651698667484379, 0.00236079785104434], "run_time": 0.1232800006866455}, "UG": {"result": [0.006668069250855062, 0.010419829668411502, 0.004106235739269893, 0.014105191312701024, 0.010027950199008743, 0.019847218823028583, 0.0256170032461185, 0.019681575484311934, 0.01294308079516767, 0.012931500947064328, 0.017272377637932934, 0.02786592192043952, 0.004021161009178981, 0.0031054532273078832, 0.020370510251292672, 0.012766825063442636, 0.02032371653981787, 0.003830142679475321, 0.004886891391539047, 0.007590011470922699, 0.006054065983841626, 0.01706097019797011, 0.006292032258436326, 0.006254654434933176, 0.003118265520548194, 0.0026615069999141386, 0.0034580711215302378, 0.003001482694819841, 0.003611040489990447, 0.018913875733170746, 0.011770287862046725, 0.005629664213184548, 0.02562450150043133, 0.022050458655824962, 0.004357149720874699, 0.008319083588405636, 0.0027548105676334297, 0.025140901332732602, 0.013582168029086098, 0.013573685450666964, 0.011336691008512936, 0.014969150204182182, 0.017137653172109822, 0.01988295515665128, 0.0033150455861953925, 0.008912199864534117, 0.005648657523087529, 0.015638397683839678, 0.022400774402151675, 0.006788332170469688], "run_time": 0.3042000222206116}, "Quad-leaf": {"result": [0.002986106998382939, 0.009566172411575287, 0.00471574444854377, 0.011018805196082969, 0.011100486074744755, 0.015671192258928997, 0.01343410051007851, 0.013976644042802171, 0.005958166475896022, 0.016332383164646223, 0.008883971312928157, 0.014945115166207319, 0.005175322971512983, 0.003437784852373793, 0.015372972944288537, 0.006149868781764988, 0.014738789495104942, 0.004221576015121045, 0.003735339273090356, 0.00379640465073117, 0.004925476724182278, 0.01087314282691115, 0.005972001879579064, 0.006984051992166426, 0.0033523199930740734, 0.0024325216178119847, 0.003839248847904927, 0.003946739381817691, 0.004359410672475298, 0.01038028740506801, 0.010486257761913947, 0.003059394607943137, 0.013455111230360415, 0.01216400841202409, 0.005304040498743298, 0.009551555476336564, 0.002494275332527719, 0.021968501963798952, 0.0060497789516422654, 0.011991677207075785, 0.005927618774373855, 0.008136693977309494, 0.019755246394945736, 0.011718809066276105, 0.002536219019995107, 0.009929232985415681, 0.005023152008794238, 0.0070199309465891644, 0.014175590382919262, 0.0032242305840599157], "run_time": 0.10442997694015503}, "Quad-uniform": {"result": [0.0025521118179607696, 0.006895823932663545, 0.0032711639087883116, 0.0067564834703584065, 0.005161628777972711, 0.006045258510797485, 0.0089458306551829, 0.0069160650516420915, 0.003963769238009718, 0.005468246209158925, 0.005249769121644641, 0.009888668407429453, 0.003011495985042348, 0.003037448313789036, 0.0068313904169804715, 0.0044055655298502056, 0.0073474709544328175, 0.002352602139745134, 0.0035435254953246967, 0.003003511555730724, 0.003220885622993807, 0.006644277586681706, 0.0031837753768231528, 0.0036876436595431224, 0.002844976459817719, 0.0022480666801846906, 0.0029569543575497857, 0.002294457123299999, 0.003056655633490524, 0.0055779771556151705, 0.006021575332261131, 0.0034980969270221357, 0.010848947686360586, 0.0066042009788970625, 0.0025087780818025545, 0.004781252543398179, 0.002197268036941962, 0.010155466214640795, 0.006305466781483826, 0.00587096485168114, 0.004509856687302511, 0.005824086316203082, 0.005813352593823082, 0.01085239208050834, 0.002411260887767924, 0.004987795704505844, 0.0034585086119134504, 0.005699802803631552, 0.007519587327991291, 0.003185469320932037], "run_time": 0.13267029523849488},