{"params": {"epsilon": 1, "seed": 1, "sigma": [0.1], "shape": ["circle"], "num_data": 50, "population": [500000], "dimension": 128}, "algos": {"idt": {"result": [1.0656761212922214, 1.2938339823854859, 0.5997940544387667, 0.9560195843275097, 1.3406008684499462, 0.8688791896544841, 0.6194632368388209, 1.2401391478004418, 1.0368181857554009, 0.8039688010076221, 1.2125400562387278, 0.5908686439257823, 0.608178514990069, 1.6603810075279144, 0.7745041153672886, 1.4628776941320165, 1.3455745247719701, 0.9957535136420175, 0.6729379480114042, 0.7017132863691918, 1.5443594079139566, 1.1232101090308853, 1.0398916959554092, 0.5470971204104479, 0.8753760410796715, 1.3877885333041464, 0.9425639590612257, 0.6575143109921593, 0.875332950431078, 1.319640341018479, 1.2052562828713111, 0.9385796014620734, 1.237230883670324, 0.8972222543497642, 1.0713272856472722, 1.0232470756282144, 0.6600017647388018, 0.7209333225151856, 0.6267210569731316, 0.9972954400813019, 0.6865400277446098, 1.4978049523143127, 1.261441361043354, 1.2916848101326543, 0.5766353129263532, 1.5517982752215376, 1.296130381843415, 0.5312375453162888, 1.1979059694281997, 1.3033506622123403], "run_time": 0.006310014724731445}, "uniform": {"result": [1616.2805416010788, 2228.218953520818, 642.272902532824, 1363.000046179464, 2328.947520139817, 1220.1384653405948, 707.2978651276268, 2395.72593431632, 1885.263118775696, 1158.6297811278682, 2000.532800734606, 624.7507053580402, 635.3606171455962, 3892.7150330479053, 962.7067296853751, 2657.4283594443446, 2483.8482606065227, 1603.4471307404451, 788.6150758241536, 1033.4415896822434, 2816.7165748415823, 2049.0432865154826, 1878.4606353515542, 559.2392240818087, 1337.9050589009726, 2448.513587883807, 1565.9107259425398, 807.8586525132532, 1134.318465139517, 2659.3212519838576, 2277.96568059921, 1406.0228211402186, 2460.2415051526327, 1302.8162740245034, 1718.898038381879, 1432.5620527875024, 900.2034881347159, 949.7603082881035, 714.0704071029986, 1752.697050371749, 806.1545883523959, 2800.1547236676997, 2183.3030517715943, 2570.9443349542858, 678.9367442253165, 2860.9559196925447, 2169.945674552406, 552.4892122928325, 1960.169033442175, 2656.921157567001], "run_time": 0.00625030517578125}, "AG": {"result": [0.7688580500651631, 1.3543479802352187, 0.43660584337140085, 0.6317129924903434, 1.298746001081376, 0.45050264152619685, 0.3371300556049935, 1.0355014395368314, 1.039449736709243, 0.6280251785375479, 0.9819419325633825, 0.2804011338701416, 0.35588587888747, 1.5932562669994002, 0.5121990727243317, 1.4083970183584085, 0.856798209017418, 0.7699084820214339, 0.36510022662744207, 0.6544814656766905, 1.225085787222759, 1.0387514546943566, 0.9243471772878623, 0.2326490779344653, 0.6064047144469018, 0.7365730107917593, 0.7758217414563746, 0.36535644865081973, 0.4727566776106927, 1.2173882191959597, 1.0760705110748245, 0.7550776252020175, 0.988888824752104, 0.6273829170715706, 0.6079700311636247, 0.6610735924533436, 0.5426947822356287, 0.5050332550334278, 0.34893617903395474, 0.9937183731750645, 0.3598152799860589, 0.9411243551169132, 0.9593283338461279, 1.4064563750102124, 0.37299194312205225, 1.1346104155494896, 1.0627639162166231, 0.3520048413069339, 1.2019533872685244, 1.243561938035189], "run_time": 0.103139967918396}, "UG": {"result": [1.065676119694815, 1.2938339794657638, 0.599794114075575, 0.9560195876968823, 1.3406008855502383, 0.8688791916360877, 0.6194632365846013, 1.2401391448030243, 1.0368181773409035, 0.8039687872816547, 1.2125400558180108, 0.5908686433908902, 0.6081785218534649, 1.6603810104377668, 0.7745041223886455, 1.4628776882033023, 1.3455745248264017, 0.9957535241940612, 0.672937897482517, 0.7017133038904924, 1.5443594015844992, 1.1232101096554092, 1.0398916856809386, 0.5470971236422653, 0.8753760569778736, 1.3877885150504503, 0.9425639543583255, 0.6575143102314127, 0.8753329470164228, 1.3196403386266666, 1.2052562753615448, 0.9385796072189027, 1.2372308772972789, 0.8972222662696993, 1.0713272879582, 1.0232470648605478, 0.6600017547028315, 0.7209333195485309, 0.6267210668088466, 0.9972954468589086, 0.6865399033068961, 1.4978049502774529, 1.2614413560130948, 1.2916848049375067, 0.5766353194804036, 1.5517982923042115, 1.2961303842183083, 0.5312375537427473, 1.1979059273423058, 1.3033506622123405], "run_time": 0.2967530655860901}, "Quad-leaf": {"result": [1.1902568139138485, 1.5232980032380357, 0.3810852176634124, 0.992897999394168, 1.379773786679351, 0.9763837452919488, 0.7206448382201197, 0.873960004660302, 0.6558456201145225, 0.6499003766549746, 1.331035942831581, 0.64887751148245, 0.6767512072420192, 1.0894467641275873, 0.812926735585333, 1.5194133975922721, 0.8075697324445628, 0.7840437844599947, 0.7306341743305399, 0.5308660848885695, 1.68298429906778, 0.6739892534037424, 0.6770834070054038, 0.4494910010330402, 0.9034454031555677, 1.4458349873138876, 0.6470975815288099, 0.6037075678619659, 0.924692404922263, 0.8826375040616495, 0.7602576300183093, 1.0226202192189493, 0.980333432921246, 0.3696216477824539, 1.1379728720995703, 0.9337182365117401, 0.4747548855372495, 0.6025571127211088, 0.4842351883260284, 0.7163707043036867, 0.7219711277068009, 1.5873735560787217, 1.4284988691622695, 0.738613364401647, 0.5223565655820382, 1.8019539504819477, 1.6345986654496938, 0.42625287648682114, 1.4323414177208451, 0.8665818422142286], "run_time": 0.09459965229034424}, "Quad-uniform": {"result": [0.10345498052778947, 0.15389020351652036, 0.13768957472412588, 0.12819069843310554, 0.15911050368533497, 0.16774953157645464, 0.14133655171946194, 0.32031187621043755, 0.2197125945999665, 0.08482456035634911, 0.1987107099544055, 0.13203700530489476, 0.16053800605161989, 0.22269150562403153, 0.0681968353293512, 0.20730807832899875, 0.21083486357043818, 0.11627545398669983, 0.10524943821632783, 0.11179951420442254, 0.2359437676235126, 0.16546802914597053, 0.1823338353627487, 0.10323701849495719, 0.11524082304193632, 0.17782306785970634, 0.18321865300838808, 0.13192182695153956, 0.08520930947430698, 0.22877825884633346, 0.18419898349431274, 0.15218020149750885, 0.29502177954223147, 0.2428666775945512, 0.17940738023982852, 0.16124350154034164, 0.08419790833330053, 0.13473112050125327, 0.10434202891145057, 0.22705509583436922, 0.10677825814364528, 0.18761039357606876, 0.20089669794884213, 0.22424269890188706, 0.10542321713078419, 0.22558927312943033, 0.15255553766577998, 0.10260603022061784, 0.13487370874409832, 0.24422758455435392], "run_time": 0.12284026861190796}, "Quad-geo": {"result": [0.14747282111200333, 0.20961266703400827, 0.17309606207066197, 0.17834076165796386, 0.23872811201437122, 0.21482995350417672, 0.18009023768867866, 0.4199313355339331, 0.32608071160628516, 0.13842383991976223, 0.2577095006081769, 0.17051118724546077, 0.181361369577375, 0.4334665036774368, 0.0884230996342134, 0.26242727049268355, 0.304024126793517, 0.16350166017586132, 0.12707318533822734, 0.14357239566187693, 0.3131462906471536, 0.26218544618965006, 0.2836940360647725, 0.12575464533667463, 0.17447998454797634, 0.25219308730868173, 0.27336563174028183, 0.17277652619586364, 0.09662973330578747, 0.3480084656904849, 0.2853889359757446, 0.19204316161867174, 0.5127403057704307, 0.3072404080698565, 0.23838674884281097, 0.20904468404691035, 0.11311150835317664, 0.19246464110582706, 0.11774156540303518, 0.337684925343313, 0.13109800785349682, 0.2748685076222156, 0.26522944930622316, 0.3403870437537855, 0.13582649798244845, 0.285960581648145, 0.1900940825746365, 0.12511992419037987, 0.14315353020115446, 0.3679056400044333], "run_time": 0.13005000352859497},