{"params": {"epsilon": 1, "seed": 1, "sigma": [0.35], "shape": ["circle"], "num_data": 50, "population": [100000], "dimension": 128}, "algos": {"idt": {"result": [0.03878356312523248, 0.04446072346230486, 0.05384631506942132, 0.045089153177723204, 0.12912433453724037, 0.04321326497492202, 0.126609301183658, 0.05176745292351242, 0.042782363776503456, 0.05974882712610725, 0.05694162615080855, 0.08004346175734287, 0.08591712202513802, 0.061182624630492614, 0.04990469299494147, 0.06367193396952643, 0.07977267603363913, 0.04402157043110584, 0.12096494854892961, 0.12121748862944545, 0.08320668432577503, 0.09805076892944198, 0.060849250388728696, 0.09166769086157822, 0.044610251607595505, 0.06227860127789903, 0.045196818097240285, 0.09948346355598708, 0.039858593608121086, 0.08844131353569606, 0.04797615333920088, 0.05116568019384059, 0.06740605251776711, 0.0852715667564735, 0.05950429868888423, 0.06595163753899272, 0.07359464812765919, 0.11765723575972212, 0.04423943456849911, 0.04916943711463988, 0.04965469659000855, 0.062473016124911455, 0.11228260900119261, 0.06711746678590512, 0.0922425362379306, 0.12605733319197074, 0.1194951545219318, 0.0895327126631, 0.14155846670134797, 0.08708970708324539], "run_time": 0.005320425033569336}, "uniform": {"result": [3.4721388866990317, 4.353480440747553, 5.572266944761729, 3.6723176362492294, 13.455493194268172, 4.282756952005426, 13.222130586502526, 4.224737568311417, 4.166881937261428, 5.009227925342672, 5.265933637770571, 9.245873273794764, 8.192542938143234, 5.358564316749764, 4.179808985015211, 5.671641270356523, 9.208324153383325, 3.857374398343431, 11.843734663278427, 10.66578280190303, 9.540107809158037, 11.350323294690549, 5.411887537074173, 9.35478260263376, 3.8110943065385987, 5.475947171973145, 3.6956313064882664, 8.31541327550017, 3.5644322269309057, 7.923626525137423, 4.995079546242791, 5.433233755052073, 5.291034842236967, 7.636989029267224, 5.351828877487578, 7.398335857179287, 6.030829468791124, 13.482098672116647, 3.6538026918661273, 5.005760975917417, 3.901946579535044, 6.6286334346132305, 10.295056742616902, 5.976076707645376, 11.010185481982349, 13.071214370198122, 13.226177618592232, 7.613291089530641, 14.467590156369646, 10.275402945722709], "run_time": 0.005179567337036133}, "AG": {"result": [0.019424530208385322, 0.01895464129227309, 0.02155232695162313, 0.017319053756740553, 0.03340958845220953, 0.018106216938131133, 0.03827053467932346, 0.019510785396030805, 0.021280783416662927, 0.01887130319305218, 0.02166870758093599, 0.02631587353820516, 0.021142465449498233, 0.022579691841909864, 0.01884236551201792, 0.01773204953522085, 0.024669042294234386, 0.01960605794133828, 0.018975941392972782, 0.027988865276580982, 0.025624892065660723, 0.028439057150375924, 0.0190849422355124, 0.027038520489575227, 0.01640807769130268, 0.020934279414514676, 0.022851128888960775, 0.026770666504895502, 0.01974416691111822, 0.02221933003879139, 0.020091854817769827, 0.02012504356884276, 0.022056743497376206, 0.020169714833448326, 0.018322504661952586, 0.020571670156019913, 0.020950586957516778, 0.02975799374388877, 0.01972986689209055, 0.021590066243644002, 0.01622420744508154, 0.023306198283602433, 0.027714819999633118, 0.019622747871096642, 0.02455628242092524, 0.01908868092915101, 0.025024362930290044, 0.026567101919105704, 0.04978965349536489, 0.029481031049823386], "run_time": 0.05597029209136963}, "UG": {"result": [0.038783892655713845, 0.04446099819470345, 0.053846435515697656, 0.0450896814796302, 0.12912434226728808, 0.043213442377891924, 0.12660933673810149, 0.051767667134199925, 0.042782606391001565, 0.05974978416552273, 0.05694226336062839, 0.08004345153765097, 0.08592031039215257, 0.06118374735524074, 0.04990489852526861, 0.06367345354124032, 0.07977277465099114, 0.044021773549451436, 0.12096495086237775, 0.12121866790019922, 0.08320665311499402, 0.09805084914669168, 0.06085059368667127, 0.0916676932995243, 0.044611052492748486, 0.06227875074288934, 0.045197335065537365, 0.09948422685479923, 0.039859050452731214, 0.08844293361501829, 0.047976334758048765, 0.05116583156360887, 0.06740627962534099, 0.08527297620007894, 0.05950582316897902, 0.0659517429429703, 0.07359547971183747, 0.11765731132429272, 0.04423943869050889, 0.049169588335456975, 0.04965469220002208, 0.062473116248478046, 0.11228418005658426, 0.06711982663188389, 0.09224249955683604, 0.12605735295364495, 0.11949513961714253, 0.08953367439965314, 0.14156277007368193, 0.08708978848784611], "run_time": 0.2996497058868408}, "Quad-leaf": {"result": [0.04016236300468207, 0.04928241949634392, 0.06327264596194149, 0.04779086256615051, 0.062268839579913304, 0.048348230300054494, 0.09947672205550313, 0.050997947900993365, 0.04899436239598397, 0.0458036822807709, 0.05580628513884484, 0.06688321049927455, 0.06179484655866536, 0.054268785806038625, 0.04998774053052007, 0.0538883754862553, 0.08291809802472398, 0.049794236725805636, 0.09536421716330405, 0.06744832204866559, 0.08809128583913241, 0.08803740327585488, 0.050490989974243165, 0.08439162306556082, 0.040622964817749144, 0.06764063770417773, 0.047358615923882554, 0.06556025723590157, 0.04335753193913596, 0.0531638645628472, 0.05480426449856546, 0.060184832680307956, 0.0639515558811713, 0.052610895598679326, 0.051177831255325566, 0.07231244848804638, 0.052002433488105605, 0.09922293246661198, 0.04646162232088969, 0.057142309542486856, 0.050372454076106306, 0.07095819110092047, 0.058189892285361595, 0.050657725011007966, 0.08285758554570354, 0.12321263673991868, 0.103238192609863, 0.05586794910767712, 0.06765128094157433, 0.0778943660988227], "run_time": 0.09878029823303222}, "Quad-uniform": {"result": [0.032831738188306626, 0.0321006636229711, 0.038491156635496813, 0.029802062775097678, 0.03600410088082319, 0.03257706733546843, 0.03485181917400677, 0.029129032585648546, 0.0338392912676359, 0.035821908650881175, 0.035954228794450996, 0.033124301303098236, 0.03298731681534567, 0.037487781444041114, 0.03229468524182175, 0.033084428208456175, 0.03138891770531028, 0.03147641891527509, 0.038753258409997285, 0.039521462200533874, 0.03442139453295095, 0.03983083254166174, 0.03337367198400494, 0.03842636759936889, 0.029571926688005873, 0.031183173050598804, 0.028741931072194905, 0.036475202802163056, 0.031950985432448196, 0.03330788179551946, 0.030221855445769507, 0.03419654149146415, 0.03531468504278859, 0.030580910006538335, 0.029998270427820224, 0.03621110926751518, 0.030629528363744062, 0.04381177851660188, 0.03330077513817399, 0.03067119120025232, 0.03221850674824256, 0.03666650727581793, 0.03833690735292149, 0.030381465382806092, 0.034725142877029824, 0.036057245720598964, 0.04947775179837615, 0.03515745207599538, 0.035681100096919174, 0.034498367142008456], "run_time": 0.13086969614028932}, "Quad-geo": {"result": [0.028253725434716544, 0.028148737194045474, 0.03490713899551042, 0.026156855086149636, 0.03364504094078265, 0.029966020225365066, 0.03396209839443018, 0.02624342139055671, 0.0306597861411038, 0.03247279399046392, 0.03204072399540813, 0.031083208984437127, 0.02977639116192158, 0.0331118116591972, 0.029944530556708798, 0.03090478373521251, 0.028526144015889602, 0.028524173394182874, 0.0382895308686359, 0.03661698764408107, 0.03301006738595143, 0.03715101001594367, 0.03134225380225219, 0.03668454137908478, 0.02600579649665355, 0.02885603812853063, 0.025255896405397348, 0.03412663621892556, 0.028136671062567935, 0.031109765587792767, 0.027865958163844906, 0.03124306733057873, 0.030948890806918577, 0.027825699795208183, 0.02658679095704847, 0.030838382926960294, 0.02635126162887149, 0.0385425954194674, 0.02884315524573836, 0.02960908818271937, 0.027067358929404747, 0.03217030600947501, 0.03288236194039299, 0.02725537037964363, 0.03324401574042886, 0.034871068546899135, 0.04554569695339743, 0.031548618205159, 0.03634957517379065, 0.03269837310741226], "run_time": 0.1383702826499939},