{"params": {"epsilon": 1, "seed": 1, "sigma": [0.2], "shape": ["circle"], "num_data": 50, "population": [100000], "dimension": 128}, "algos": {"idt": {"result": [0.4656903026039295, 0.861010419063539, 0.8931074827558612, 0.7579282767128107, 0.8474228877214329, 0.4320132767670466, 0.8095619517130952, 0.3422986163844904, 0.5158787752610444, 0.577244144575976, 0.5853419306340152, 0.44818861935002996, 0.7887233065244067, 0.35357135924579197, 0.347767115830138, 0.3594260530943128, 0.6783928521641571, 0.3405457401684378, 0.7464414002990045, 0.4066426212187221, 0.326377545393013, 0.4965301434617135, 0.5739228327761359, 0.5351064673217145, 0.7731889777067179, 0.36585876512981846, 0.7632282049177518, 0.37278059184011864, 0.4684753841847511, 0.5799611399555453, 0.40729148054603254, 0.7388312413481094, 0.3166930957296714, 0.48642452030605543, 0.28790261802878125, 0.5538720018435128, 0.3784688986197682, 0.652429085340477, 0.36552247961685436, 0.7951223854069043, 0.5784439001107922, 0.7512107784674067, 0.4500371247020587, 0.9687329535049325, 0.8212006255261326, 0.5342747805362241, 0.5571152025674867, 0.350085210654421, 0.3745136005087785, 0.8758478711894214], "run_time": 0.005420265197753907}, "uniform": {"result": [59.82124984537436, 142.2818704844208, 176.46448869491545, 134.92703831485036, 161.78936614862945, 55.25702527127743, 143.20698882054612, 48.86509968360902, 67.22060990657096, 72.99653401656683, 103.75532580979907, 65.43081937579394, 133.846420622077, 41.94303372988425, 51.91306354716798, 43.59003075346343, 142.12530781677592, 49.52451887825938, 118.92665317308749, 47.88139527765752, 44.3015180129381, 67.20666658243348, 82.12460762818566, 89.0505841134986, 137.51460311859364, 45.71896721952879, 132.07369312088514, 44.96340522066777, 55.69657265320221, 106.43301738403281, 55.14099402278892, 138.2353455269217, 41.51074737078705, 90.15903130315532, 33.74394096368323, 72.689996722997, 49.009591501910855, 126.59547810962036, 44.06630823999644, 142.7516841680066, 109.80609355514633, 129.9750142667412, 52.839710786193635, 164.56955230065654, 166.40494663337378, 101.00000961109579, 104.23764255027345, 51.333402207632915, 61.45047035742795, 147.29124662034627], "run_time": 0.005309746265411377}, "AG": {"result": [0.06073142878375319, 0.10840158508676118, 0.1462880789100582, 0.13088142258318294, 0.12004580017474824, 0.07833198898319715, 0.1368045489136545, 0.07100735144614172, 0.07786423741962474, 0.09208658053138034, 0.1026423696315351, 0.07270640764310918, 0.15586001770156457, 0.06296112734818357, 0.05876635748555816, 0.10017737093752044, 0.1687401907928429, 0.07948184084734317, 0.14337301697077537, 0.07938966081352646, 0.06084740483168076, 0.08588517131821784, 0.08289295718300613, 0.08741050809112393, 0.145607957087557, 0.05497781974388183, 0.09410855920725486, 0.08997136720829045, 0.07065530485192136, 0.08021986248869288, 0.05837792139712012, 0.19492821209916159, 0.07918163500088533, 0.09684758001481497, 0.045544366853138354, 0.09206195871852776, 0.06491844322667452, 0.16949526305318713, 0.06579861190220139, 0.13171144152830686, 0.16552782906593586, 0.08219179032644386, 0.0840679024441614, 0.12960868070972198, 0.13255301225164318, 0.14272377954654566, 0.07714927878332549, 0.09411066815474285, 0.11914298821528556, 0.1840184638711103], "run_time": 0.03889995336532593}, "UG": {"result": [0.4656902621159161, 0.8610104089948709, 0.8931075347518019, 0.7579283188029478, 0.8474228877214329, 0.43201327914407534, 0.8095619621866752, 0.34229913640934434, 0.5158787427522828, 0.5772441138069306, 0.5853420831137931, 0.4481886649647082, 0.7887233120319508, 0.35357473625270935, 0.3477676973857673, 0.3594260700720474, 0.6783928997537446, 0.340546137031266, 0.7464414470192436, 0.4066444718370767, 0.3263775635277731, 0.49653014748745206, 0.5739228455665354, 0.5351064780474155, 0.7731890231713555, 0.3658587447532002, 0.7632282205686985, 0.37278059198267327, 0.4684802674249138, 0.5799611631290457, 0.40729147547603384, 0.738831252197391, 0.3166950806952183, 0.48642477150432295, 0.28790493418201324, 0.5538720253975788, 0.3784689019208097, 0.6524291210719971, 0.365524138086408, 0.7951224111882517, 0.5784439721574258, 0.7512107977381995, 0.45003865858608444, 0.9687329309875702, 0.8212006499081967, 0.5342747894714708, 0.5571152242760475, 0.35008815285904743, 0.37451539424357316, 0.8758478611018613], "run_time": 0.30012032747268674}, "Quad-leaf": {"result": [0.2812038948944933, 0.5594561972179857, 0.08868432243214253, 0.5707811384776957, 0.08233205317701149, 0.2146946904012711, 0.39858110159452614, 0.26139905672183, 0.20366763877586955, 0.2642035877783454, 0.47959298149885593, 0.33734766902867147, 0.4525019278258945, 0.25717114466498053, 0.28493668803065453, 0.16004058752366285, 0.5457085979286981, 0.2736837948279842, 0.32735921948474384, 0.2464848449027926, 0.2741883479310805, 0.28639934543549395, 0.4437124125816452, 0.3575117478148407, 0.5823779628430384, 0.2512563875810979, 0.7591995975069822, 0.165559338378714, 0.17964173100591557, 0.4433815594516615, 0.30663738678414404, 0.36590567888637476, 0.23764115456837168, 0.38621436655703983, 0.17581422671108843, 0.1990760261328818, 0.2814896306718441, 0.5055706220879611, 0.23392684305860745, 0.44995943953405004, 0.3999870856134437, 0.6907129083267207, 0.1589832245647501, 0.6470989102512323, 0.6458856894270203, 0.31582051699843267, 0.41604363002320194, 0.2893207402874321, 0.3164007608484607, 0.5786475364137623], "run_time": 0.09813997507095337}, "Quad-uniform": {"result": [0.07748863029939236, 0.16950786862155, 0.15051015366472303, 0.07481755557177497, 0.2495645829596832, 0.07349435061026433, 0.1740104114401632, 0.06766846682031882, 0.07745533651835129, 0.06446613764673251, 0.11251437980164025, 0.052914778270315155, 0.23469429713225531, 0.07666569235737938, 0.07080282628964636, 0.0708296774097497, 0.062078129323173185, 0.05283572286837862, 0.12681595154112635, 0.07840370738040311, 0.06352531486020072, 0.12440392740132111, 0.133258824393645, 0.09085502934281782, 0.07459933395905914, 0.0922217824902801, 0.22708301710925535, 0.06596836599002925, 0.08751140278480952, 0.1105986547693425, 0.07665335240569414, 0.14534050481387134, 0.053177757740270254, 0.10736576325974599, 0.06411188771013168, 0.08366828820640523, 0.06902498394955299, 0.07197562963506686, 0.0633479893409046, 0.27281718336855343, 0.13091080220673712, 0.23426936446484461, 0.07705236963490211, 0.14336118725912253, 0.06906724199900359, 0.07565808468982704, 0.10591512082541041, 0.05777797502268217, 0.07309759309901813, 0.1778677145737674], "run_time": 0.13192999601364136}, "Quad-geo": {"result": [0.1027259188471252, 0.24067541296416803, 0.21419135134891304, 0.095198605243119, 0.2892011819969683, 0.09333643861958486, 0.23770147098001781, 0.07564811892730179, 0.1028598861060033, 0.08363848690066715, 0.14697957839312903, 0.06521713293314771, 0.28537282480319676, 0.08524666875397531, 0.07435266211860032, 0.08212315669606028, 0.09820684013578299, 0.061988315993268504, 0.17859979247984648, 0.08697190975542095, 0.06779681841594067, 0.1527403001268787, 0.16752974210748853, 0.1252352477923282, 0.0976756758462705, 0.10006138988724722, 0.2970067352839202, 0.08305552866693199, 0.09877393772006764, 0.14946832954405115, 0.07913462562324404, 0.19338530792957925, 0.05966622823516478, 0.138625826570735, 0.08128109678193624, 0.09863031505142049, 0.07465361369801299, 0.07549995074796939, 0.07024092370576245, 0.34754175345598726, 0.10047144030356311, 0.303241499645988, 0.08719196290029325, 0.18468280241625323, 0.11067019256640469, 0.10635117304803868, 0.14529302069471853, 0.06796696445596494, 0.07498674470226865, 0.22880861758204876], "run_time": 0.13602982044219972},