{"params": {"epsilon": 0.1, "seed": 1, "sigma": [0.05], "shape": ["circle"], "num_data": 50, "population": [100000], "dimension": 128}, "algos": {"idt": {"result": [17.12387214287866, 16.895333118356017, 21.168293593445302, 18.24728669549596, 22.066335086716546, 14.283723316310347, 11.725010801420877, 21.532447582797513, 21.380866340113222, 19.61431554753235, 21.702145824661216, 19.441319482255512, 17.728125503036775, 21.234469751626435, 17.578590853719614, 17.768840223231, 11.699706594813145, 18.326230590033777, 19.386523380723222, 11.005572460442108, 15.671370459048692, 13.127819145837693, 11.866009778017728, 13.813964210908873, 12.488776023678776, 15.64866973039326, 14.830671787395316, 11.131841998588971, 11.863536942296905, 12.82979735842241, 21.93817242158362, 19.42561372848285, 17.7447510766353, 17.373386383838326, 17.35211866843229, 13.386570575028598, 12.521888596946212, 17.74266100009541, 12.18009678484548, 21.171137467849018, 17.68494152901329, 11.584045553360083, 19.32472476889246, 15.590678681498707, 13.258765646416254, 13.563874570073756, 10.451556578227965, 17.660305024387213, 17.168154099858445, 11.772107072235722], "run_time": 0.005670289993286132}, "uniform": {"result": [511.8735462113483, 456.70192187703833, 730.6655672580308, 580.785323214402, 767.8439767921035, 306.6813888282107, 217.90149163235782, 749.2210323000695, 730.4383990660358, 682.6109158801277, 768.7729034274355, 627.7631964488161, 576.0016360108286, 713.2375377633632, 520.4441995099871, 539.4832022666927, 222.4469279876227, 597.8676611811503, 591.3553827016682, 209.46174936853447, 386.9252019609218, 297.7824266392334, 215.3466128310052, 372.28744510705127, 281.6767646292419, 408.61153505881293, 331.9179162064345, 209.3787486427049, 237.51787360630283, 296.5580531603056, 771.9018025300552, 673.1343898538655, 502.0894468104123, 497.1977228531407, 541.3981680843671, 328.2891157681119, 285.0823816405958, 497.5356349059929, 240.69376119247335, 727.2611008513156, 565.5613929587252, 209.64710371296005, 654.412169494566, 492.68986695214653, 279.35678698288376, 347.6562220598743, 181.6212548833585, 587.0084695510974, 577.1775551055343, 249.8501883179325], "run_time": 0.005480000972747803}, "AG": {"result": [1.688192789526148, 2.0735796189448537, 2.462468218026179, 2.38933596748176, 2.4006414696237615, 1.2448456044076006, 1.2000106390617193, 1.9353144879871784, 2.0200092585662373, 1.6369150895786815, 1.7724019148730112, 2.1529874634943558, 1.7939715771497553, 2.16969974567615, 1.752875121271623, 3.157827306419336, 1.195490907697169, 2.4230709384468936, 2.0019459928851884, 1.3272761598230003, 1.5337008289769583, 1.219943850784942, 0.8900051644126186, 1.659888872050878, 1.1367539906855495, 1.2013816309774867, 1.4276900037103175, 0.9051331456281839, 1.2521940110230845, 1.029057039664946, 1.7917052225076755, 1.9076421274681066, 1.684839468988037, 1.2562703035530884, 2.0814558726258836, 2.0484020471199766, 1.0466281300194735, 1.999490628532007, 1.1468028591429857, 3.5883439017058243, 1.572296329367109, 1.1109580239986612, 1.9870175307386169, 1.6216541062753604, 1.6240011415927122, 1.1288073673659778, 1.0556108592330269, 1.8165036440349658, 1.2609699497564273, 0.8085161379737037], "run_time": 0.018760006427764892}, "UG": {"result": [3.6606045220577093, 3.321846936728239, 4.388567666353647, 3.8533326270452597, 4.472679346071533, 2.8407223813599605, 2.1713073859323213, 4.356963392889726, 4.32883075094961, 4.1658360664991925, 4.395186103084134, 4.154875954917003, 3.818132199323965, 4.314806361672643, 3.5976521250071345, 3.6740130538162443, 2.306346163129803, 3.9324536642889014, 3.9384681852288486, 2.0762812729021163, 2.905644387990059, 2.5417829034409074, 2.2488403674517596, 3.0733695491499953, 2.5496573239029128, 3.1599400951211565, 2.6082042879489675, 2.219786177352187, 2.1935709247505875, 2.697809354546969, 4.432248001268754, 4.181778024160878, 3.505414379100942, 3.461219129748147, 3.676653019318355, 2.552662900807849, 2.562478556196742, 3.3465461616928387, 2.3884399558118066, 4.334012477535943, 3.7797152146232067, 2.1941460639109027, 3.8986541658266343, 3.5241721373476973, 2.63780354485158, 2.59678355662041, 2.0020310045258825, 3.82860754159419, 3.734093647346338, 2.1371886883890925], "run_time": 0.013559691905975342}, "Quad-leaf": {"result": [15.713733051665772, 13.597107096270971, 13.698069158955313, 17.07681020586311, 14.078181756045375, 12.403419020759516, 6.615330559531578, 10.12305564243292, 13.40256979563633, 9.255268080367761, 10.705792793915633, 17.484617968511305, 10.365487283360977, 18.101941635694647, 13.819464556253205, 13.269289180851496, 3.9139172218950744, 11.363885143998639, 15.528026297600709, 6.732012716656158, 9.253572965622553, 9.737568618644287, 8.582041113040692, 8.05326025996198, 5.671363554302532, 12.560388244703601, 8.441286829748918, 7.62990082404314, 7.178949093968732, 4.859172985352634, 11.008499971097569, 9.433901960779956, 13.688344363526694, 13.677441101690933, 15.18355971978096, 10.203461704851838, 5.8265146989407075, 12.22536240402461, 4.408610118893015, 13.59654120159013, 7.645033411775741, 7.938107825119283, 8.591540201166891, 10.204486173011993, 10.481046806606141, 10.449128598596534, 8.084774181391383, 7.767250871222614, 7.687882115787822, 8.485508525817137], "run_time": 0.09782030105590821}, "Quad-uniform": {"result": [4.402971243375463, 3.698404827137234, 5.50971115981414, 4.50378795622783, 5.593084206905976, 3.5477150548853396, 3.687361302100143, 5.8779913048182335, 5.347022262531582, 5.48364220384322, 5.846080463639277, 5.355549756258372, 5.0960121187610055, 5.754395999197913, 3.9996283644848605, 4.532198424375451, 3.712202044100168, 4.901071848950619, 4.577608080374163, 2.2308525308953437, 3.922684797114407, 3.075538491576829, 2.203048982997388, 5.657544353398051, 5.159042038739703, 3.3478379723199643, 4.002859498979298, 2.412416048586303, 2.5785493135229434, 4.698489222806163, 5.866852124043678, 5.406213154405814, 4.351025150380789, 4.022594152701531, 4.316481276109936, 3.5583919229815693, 5.263508392375935, 4.9356197652331595, 3.780793079764032, 5.468926310303428, 5.125491894886928, 3.8242758503210608, 5.856668671362973, 6.178400553735095, 2.9601673654770724, 3.6448811886286268, 3.031912654069436, 5.010919562595043, 5.069137882239355, 2.5497666837139072], "run_time": 0.1279200053215027}, "Quad-geo": {"result": [4.457607852219826, 4.001136991293174, 5.643041840912283, 4.663945081539949, 6.054906958981845, 3.5290251835952557, 3.6210376575736856, 6.137073519120919, 5.6034744444307, 5.703740074947273, 6.226000534252866, 5.642280194828822, 5.094774890396522, 6.421666897631512, 3.986950433918187, 4.357534167642056, 3.6517711935992585, 5.08647556783419, 4.707214367941449, 2.2485611147150397, 4.188287034570764, 2.979766023834755, 2.2950357131859267, 5.700430272723444, 5.006456707025404, 3.768088161667148, 4.348229957257746, 2.424628818331847, 2.5946047386450486, 4.487635136515176, 6.284215303658768, 5.695519679309218, 4.547468430571364, 4.051314905290043, 4.582183134824405, 3.2966616684134804, 5.106893602786639, 5.182212475913021, 3.769675553400037, 5.794249554483462, 5.321134879774412, 3.845240356244872, 5.766712739343197, 6.269341536931593, 2.8967424833032145, 3.351993299231653, 3.077342654162458, 5.24698963396368, 5.283689606246283, 2.5332666432824253], "run_time": 0.13349526166915893},