{"params": {"epsilon": 0.1, "seed": 1, "sigma": [0.05], "shape": ["circle"], "num_data": 50, "population": [100000], "dimension": 128}, "algos": {"idt": {"result": [17.12387214287866, 16.895333118356017, 21.168293593445302, 18.24728669549596, 22.066335086716546, 14.283723316310347, 11.725010801420877, 21.532447582797513, 21.380866340113222, 19.61431554753235, 21.702145824661216, 19.441319482255512, 17.728125503036775, 21.234469751626435, 17.578590853719614, 17.768840223231, 11.699706594813145, 18.326230590033777, 19.386523380723222, 11.005572460442108, 15.671370459048692, 13.127819145837693, 11.866009778017728, 13.813964210908873, 12.488776023678776, 15.64866973039326, 14.830671787395316, 11.131841998588971, 11.863536942296905, 12.82979735842241, 21.93817242158362, 19.42561372848285, 17.7447510766353, 17.373386383838326, 17.35211866843229, 13.386570575028598, 12.521888596946212, 17.74266100009541, 12.18009678484548, 21.171137467849018, 17.68494152901329, 11.584045553360083, 19.32472476889246, 15.590678681498707, 13.258765646416254, 13.563874570073756, 10.451556578227965, 17.660305024387213, 17.168154099858445, 11.772107072235722], "run_time": 0.005649979114532471}, "uniform": {"result": [511.8735462113483, 456.70192187703833, 730.6655672580308, 580.785323214402, 767.8439767921035, 306.6813888282107, 217.90149163235782, 749.2210323000695, 730.4383990660358, 682.6109158801277, 768.7729034274355, 627.7631964488161, 576.0016360108286, 713.2375377633632, 520.4441995099871, 539.4832022666927, 222.4469279876227, 597.8676611811503, 591.3553827016682, 209.46174936853447, 386.9252019609218, 297.7824266392334, 215.3466128310052, 372.28744510705127, 281.6767646292419, 408.61153505881293, 331.9179162064345, 209.3787486427049, 237.51787360630283, 296.5580531603056, 771.9018025300552, 673.1343898538655, 502.0894468104123, 497.1977228531407, 541.3981680843671, 328.2891157681119, 285.0823816405958, 497.5356349059929, 240.69376119247335, 727.2611008513156, 565.5613929587252, 209.64710371296005, 654.412169494566, 492.68986695214653, 279.35678698288376, 347.6562220598743, 181.6212548833585, 587.0084695510974, 577.1775551055343, 249.8501883179325], "run_time": 0.005469996929168702}, "AG": {"result": [1.688192789526148, 2.0735796189448537, 2.462468218026179, 2.38933596748176, 2.4006414696237615, 1.2448456044076006, 1.2000106390617193, 1.9353144879871784, 2.0200092585662373, 1.6369150895786815, 1.7724019148730112, 2.1529874634943558, 1.7939715771497553, 2.16969974567615, 1.752875121271623, 3.157827306419336, 1.195490907697169, 2.4230709384468936, 2.0019459928851884, 1.3272761598230003, 1.5337008289769583, 1.219943850784942, 0.8900051644126186, 1.659888872050878, 1.1367539906855495, 1.2013816309774867, 1.4276900037103175, 0.9051331456281839, 1.2521940110230845, 1.029057039664946, 1.7917052225076755, 1.9076421274681066, 1.684839468988037, 1.2562703035530884, 2.0814558726258836, 2.0484020471199766, 1.0466281300194735, 1.999490628532007, 1.1468028591429857, 3.5883439017058243, 1.572296329367109, 1.1109580239986612, 1.9870175307386169, 1.6216541062753604, 1.6240011415927122, 1.1288073673659778, 1.0556108592330269, 1.8165036440349658, 1.2609699497564273, 0.8085161379737037], "run_time": 0.018890066146850584}, "UG": {"result": [3.6606045220577093, 3.321846936728239, 4.388567666353647, 3.8533326270452597, 4.472679346071533, 2.8407223813599605, 2.1713073859323213, 4.356963392889726, 4.32883075094961, 4.1658360664991925, 4.395186103084134, 4.154875954917003, 3.818132199323965, 4.314806361672643, 3.5976521250071345, 3.6740130538162443, 2.306346163129803, 3.9324536642889014, 3.9384681852288486, 2.0762812729021163, 2.905644387990059, 2.5417829034409074, 2.2488403674517596, 3.0733695491499953, 2.5496573239029128, 3.1599400951211565, 2.6082042879489675, 2.219786177352187, 2.1935709247505875, 2.697809354546969, 4.432248001268754, 4.181778024160878, 3.505414379100942, 3.461219129748147, 3.676653019318355, 2.552662900807849, 2.562478556196742, 3.3465461616928387, 2.3884399558118066, 4.334012477535943, 3.7797152146232067, 2.1941460639109027, 3.8986541658266343, 3.5241721373476973, 2.63780354485158, 2.59678355662041, 2.0020310045258825, 3.82860754159419, 3.734093647346338, 2.1371886883890925], "run_time": 0.013939032554626465}, "Quad-leaf": {"result": [15.665525909291317, 13.093300737827757, 13.839712777944634, 16.95104240582423, 14.20465707378181, 11.751850942430671, 6.12291534401486, 10.185712570944347, 13.55101890401923, 9.09495340784526, 10.860845625639007, 17.61313634143118, 10.351015150097352, 18.195982065446586, 13.465726912791453, 12.942533588387032, 3.492801528987572, 11.370901816715078, 14.991800574862438, 6.393988062317311, 9.100542701701054, 9.372883160134617, 8.113422384062828, 7.64412539115216, 5.477442358256969, 12.358094222225274, 7.783250152792503, 7.195425218113663, 6.803713179907579, 4.494469502899443, 11.154224051087697, 9.264722305212153, 13.726570003437569, 13.261669049841023, 15.152059923707236, 9.852989241416916, 5.659035410136059, 12.040844263763324, 3.9074986234970384, 13.71300875458588, 7.4020140779911054, 7.325595784943511, 8.559317542807229, 9.799411024262502, 10.02542291337623, 10.111062377030336, 7.658137391701627, 7.416123799130546, 7.345367473815798, 8.193216307956085], "run_time": 0.09883892059326171}, "Quad-uniform": {"result": [1.7250636416918768, 1.4764687785603958, 1.7865787433432443, 1.9077147076192753, 2.228104594006231, 0.7534736032303724, 2.295007089838442, 2.2779868208336373, 1.8173580078849711, 1.9208918529491794, 2.2630481823091517, 2.1214900491627273, 1.6208021178566994, 2.3598706149288455, 1.4150462446247307, 1.308214021132924, 1.367780454169052, 1.5591257326952228, 1.9570231307272843, 0.990904974510026, 1.7141786076644858, 1.784250689325897, 0.9639591403415906, 2.681513048110139, 2.061399500664911, 1.4219457955414032, 2.831600084128115, 1.1103271148036737, 1.3185783212119553, 1.8501509970358183, 2.2011319677012824, 1.902941746780392, 1.5248963889168572, 1.548806648849106, 1.5094801707415364, 2.293793649208279, 2.11456244198635, 2.2234124418215355, 1.4353716397319247, 1.952734888310434, 2.007584092812497, 2.215389930089287, 2.134346253792967, 3.003911285036611, 1.5342762778467975, 2.28284249475813, 1.9191393309476703, 1.6645304227681632, 1.863191278549557, 1.0707524804258761], "run_time": 0.12996493101119996}, "Quad-geo": {"result": [4.457607852219826, 4.001136991293174, 5.643041840912283, 4.663945081539949, 6.054906958981845, 3.5290251835952557, 3.6210376575736856, 6.137073519120919, 5.6034744444307, 5.703740074947273, 6.226000534252866, 5.642280194828822, 5.094774890396522, 6.421666897631512, 3.986950433918187, 4.357534167642056, 3.6517711935992585, 5.08647556783419, 4.707214367941449, 2.2485611147150397, 4.188287034570764, 2.979766023834755, 2.2950357131859267, 5.700430272723444, 5.006456707025404, 3.768088161667148, 4.348229957257746, 2.424628818331847, 2.5946047386450486, 4.487635136515176, 6.284215303658768, 5.695519679309218, 4.547468430571364, 4.051314905290043, 4.582183134824405, 3.2966616684134804, 5.106893602786639, 5.182212475913021, 3.769675553400037, 5.794249554483462, 5.321134879774412, 3.845240356244872, 5.766712739343197, 6.269341536931593, 2.8967424833032145, 3.351993299231653, 3.077342654162458, 5.24698963396368, 5.283689606246283, 2.5332666432824253], "run_time": 0.1325569248199463},