{"params": {"epsilon": 1, "seed": 1, "sigma": [0.5], "shape": ["circle"], "num_data": 50, "population": [500000], "dimension": 128}, "algos": {"idt": {"result": [0.0007488872061986703, 0.0007520476250924633, 0.0007526598894940644, 0.0007557145617475592, 0.0007504579979528983, 0.000752290395396178, 0.0007496965250242631, 0.0007548918781624279, 0.0007518231471256073, 0.000752924685541544, 0.0007514493037217354, 0.0007512962099840934, 0.0007528050059440452, 0.0007516820206248243, 0.0007507065451818313, 0.0007505580170691789, 0.000748840580643573, 0.0007574912234717897, 0.0007531028385108342, 0.000758575787104896, 0.0007493515960104943, 0.0007546436966116153, 0.0007524440102719217, 0.0007489146636613642, 0.0007500956114041748, 0.0007485601873290817, 0.0007544170424027891, 0.0007542222313786164, 0.0007545081486295031, 0.0007498024177041227, 0.0007518821117610311, 0.0007527847075068539, 0.000752083585832007, 0.0007516545925522387, 0.000750517321290326, 0.0007542838849151952, 0.0007576468191088582, 0.0007562315105267511, 0.0007514590637641852, 0.0007531832570880692, 0.0007524034088242269, 0.0007495755650394738, 0.0007480898210034692, 0.0007522349754405302, 0.0007503899533659959, 0.0007515586175980736, 0.0007483820954063986, 0.0007536795561025946, 0.0007481067339160078, 0.0007487068436868087], "run_time": 0.006300268173217774}, "uniform": {"result": [0.479896107431603, 0.47827579241669926, 0.47907900978032053, 0.4809780840562682, 0.4784473918593367, 0.4792098263524622, 0.47931195341802846, 0.47910997630746627, 0.47850313462282984, 0.4785477413814815, 0.4792467356812264, 0.4799493384838373, 0.4789223460696198, 0.4792677193212915, 0.47925042480342683, 0.4798225947018996, 0.47908674813852276, 0.4796660486338441, 0.4791395533907375, 0.4804042413291426, 0.4792658895251257, 0.47908440125411594, 0.48016482570877644, 0.47832461665983755, 0.4792646372010389, 0.4800668357707191, 0.4807963345520688, 0.4800893706258259, 0.47913137367483866, 0.47977405108758164, 0.4809974542551697, 0.47930208337797486, 0.47977641376284835, 0.4792489639845601, 0.4781460726508303, 0.4806367969388209, 0.47939393284718573, 0.4795104131728045, 0.480428058951646, 0.48014080787320834, 0.4797572930424342, 0.4778575143296794, 0.4781669802658589, 0.4804186248312783, 0.4777412413010143, 0.4784573042085083, 0.47902678617230926, 0.4794618314872105, 0.479296493311164, 0.47855918803591635], "run_time": 0.006229708194732666}, "AG": {"result": [0.000970109237911186, 0.0010358979812405322, 0.0009764479684126919, 0.001057670565903758, 0.0010067731271822236, 0.0009947501782169845, 0.0009141828363919704, 0.0009774246408411108, 0.0008763657666792503, 0.0009435296378149485, 0.001010272782060053, 0.0009581644490156534, 0.0010491603717900438, 0.0010333759564867702, 0.0010920530287493286, 0.0009260164604882794, 0.0009273738031443144, 0.0009243749999305126, 0.001061568508903989, 0.0009779530929425744, 0.0009614129717461069, 0.0009011600685248695, 0.0010444558581137236, 0.0009767080445315314, 0.0009305413983128685, 0.0009774201412532971, 0.0009433202101281694, 0.001060051178676646, 0.000971809602735671, 0.0009451287181197461, 0.0008759483548246044, 0.000982513848835898, 0.0009542224132680639, 0.0009360295858617258, 0.0009788904260527502, 0.000984650506148121, 0.0009576821101263311, 0.0009850923068909878, 0.0010405481607402684, 0.0011058121773216357, 0.0009763790659241187, 0.0009893835425052908, 0.0010264984509902146, 0.0009342119445896914, 0.0009689775136554377, 0.0010176629828036962, 0.0010759027108232083, 0.0010389694194918478, 0.0010117643518756235, 0.0008510531897414504], "run_time": 0.13442458152770997}, "UG": {"result": [0.0007489099623393718, 0.0007520317071614273, 0.0007526468168159708, 0.0007556993720859586, 0.0007504419141830937, 0.0007522819635275842, 0.0007496831249431625, 0.0007548789203037083, 0.0007518072302677905, 0.0007529089365043741, 0.0007514336078213337, 0.0007512804930440879, 0.000752789404783452, 0.0007516626113153749, 0.000750690916241507, 0.0007505424804832661, 0.0007488632896797245, 0.0007574785909816253, 0.0007531212508800765, 0.0007585598754212346, 0.000749335671755792, 0.0007546710186357801, 0.0007524315000376579, 0.0007488986108549721, 0.0007500827326759052, 0.0007485505293848937, 0.000754400449800511, 0.000754212353602633, 0.0007544921160411404, 0.0007498322779551496, 0.0007519010935204833, 0.0007528037444166153, 0.0007520810980338556, 0.0007516418070723237, 0.0007505097909507728, 0.0007542681685895338, 0.0007576310414867806, 0.0007562505644143964, 0.000751446379250882, 0.0007532021191622095, 0.0007523933939164178, 0.000749559616221827, 0.0007480735785307262, 0.0007522193997241752, 0.0007503739688818614, 0.0007515447262117204, 0.000748379756176673, 0.0007536640259509688, 0.0007480908225055284, 0.0007487017465223097], "run_time": 0.2958696460723877}, "Quad-leaf": {"result": [0.0008237447204209463, 0.000795517219886354, 0.0008038844075186646, 0.0008346856301190678, 0.0008122641988410756, 0.0008130433317956356, 0.0008008222967946545, 0.0008024882202370713, 0.0007880946258292567, 0.0008129400946325328, 0.0008028472418679056, 0.0008048922106623719, 0.000805463969686236, 0.0008356352710816742, 0.0008220351990139347, 0.0008244187896000426, 0.0008118540946963242, 0.0008004985198324674, 0.0007892612892522251, 0.0008275890201066176, 0.0007923315474079472, 0.0008241052723868923, 0.0007995600163635894, 0.0007875614731555254, 0.0007855130624741092, 0.0008187145803833531, 0.0008007415997864922, 0.0008186373518596648, 0.0007958055648089617, 0.0008281915791287214, 0.000820210311571686, 0.0007989318240468502, 0.0008120217394825133, 0.0007843981044793693, 0.0008068822655701889, 0.0008019041884698743, 0.0008182036636440384, 0.0007984638185514979, 0.0008100136318235678, 0.0008252094091164024, 0.0008146046544613951, 0.0007841939361001352, 0.0008224942382668009, 0.0008133347563302221, 0.0008049813108541371, 0.0007951151736290738, 0.0008056829863754957, 0.0008175117113857002, 0.0008237486486505168, 0.000809961664631025], "run_time": 0.10765000581741332}, "Quad-uniform": {"result": [0.0010855789206147977, 0.0010548971660864165, 0.00103143244940035, 0.0010797338510036526, 0.0010337061054433226, 0.0010559670118794491, 0.0010796094548789238, 0.0010641471624145912, 0.0010532499120429106, 0.0010954019621406033, 0.0010584859998820394, 0.00109295769602232, 0.0010698848051873494, 0.0010756107192539067, 0.001070499667108095, 0.0010731892860092462, 0.001052082636719268, 0.0010658040713577021, 0.001074893159254088, 0.0010851875078615398, 0.0010471288117312684, 0.0010655728383305628, 0.0010745052912986134, 0.0010592502708943025, 0.0010684976899569087, 0.0010786079298666933, 0.001040130773952661, 0.0010523729760401911, 0.0010542404024774872, 0.0010793474851130852, 0.0010780354250268253, 0.001048805666734707, 0.0010832120945081054, 0.001050669986116446, 0.0010275148976315567, 0.0010791752589219877, 0.0010560750944446965, 0.00108979583936708, 0.0010576830718478658, 0.001063052326238228, 0.0010420144695945659, 0.001030804324179282, 0.0010758121374361753, 0.001065712553741183, 0.001035321228592107, 0.0010728664232078642, 0.001066289462509165, 0.0010459142455857423, 0.0010964933538975296, 0.0010903531519971816], "run_time": 0.14139029264450073},