{"params": {"epsilon": 1, "seed": 1, "sigma": [0.1], "shape": ["circle"], "num_data": 50, "population": [100000], "dimension": 128}, "algos": {"idt": {"result": [0.8777751935531005, 1.4242393521347094, 1.1907895781876825, 1.4534854062095799, 1.4359145625470815, 0.8245485731137449, 0.9089697930550386, 1.4332408185709073, 0.9244977174544519, 1.213981882929729, 1.5653622863106553, 1.2459661193601659, 1.0370652571097694, 0.7467832756151239, 1.4987407192234194, 1.4349904180505104, 1.4249783303322878, 1.044165155638755, 1.0934359932581315, 0.8978515020215618, 0.7731821191778229, 1.518120008161279, 0.8480827316511985, 1.671959682461444, 0.8396198807278444, 1.0701746420348495, 1.2749055040966772, 1.3470700313245285, 1.340177726665732, 0.7932089661383639, 1.1934246636952348, 1.2061188559085263, 0.8090672306072454, 1.4123601884387713, 0.867015648737201, 1.0880714436617358, 0.9256002726145129, 1.0294180373089434, 0.8752658457170209, 0.789889711893003, 1.2596876261870649, 0.8730743860685626, 1.5575052472587363, 1.3106716789579609, 1.6506979933975032, 1.2526689142074803, 1.1988805439222427, 1.467428177565548, 1.1281697123556114, 0.8741606000828454], "run_time": 0.00528001070022583}, "uniform": {"result": [168.85765934550926, 402.19760827027073, 303.8124359399575, 398.410701694158, 437.55848116622224, 138.05413063413803, 155.38865287255143, 455.724882912156, 182.32298292969205, 319.6906151779987, 503.21840209218976, 265.9850100418377, 221.60692696435248, 122.7247634666482, 393.29260096870985, 402.3018090122035, 417.7957829218076, 211.7880087867678, 240.96623029983377, 150.22083507274587, 146.08387822573752, 378.7501027365384, 141.74786141625174, 504.39844664525157, 130.92134185392968, 229.2092209037944, 302.7641825336314, 374.7384970924131, 336.60624230139234, 153.93676767544605, 305.6388603339066, 280.1675817739007, 163.70075177666791, 440.5214853065271, 138.31683816993328, 223.10013479299832, 136.0537940782996, 192.87025565408285, 143.5329562414935, 124.46692317990544, 297.43931392533017, 172.76469770054496, 412.844349950755, 355.6710918506341, 556.2876171673939, 284.34597404726827, 229.57057971895622, 389.80606532169065, 244.17941524594454, 140.36342367694775], "run_time": 0.005189974308013916}, "AG": {"result": [0.18405161727943561, 0.25891438284533025, 0.37007773191483995, 0.43027260946445395, 0.5826849101038876, 0.14840595497457484, 0.14915252759186431, 0.2543986105912044, 0.1401018004120476, 0.32851131594567595, 0.6295502634778201, 0.29410389047244906, 0.315788866542884, 0.13320409506017852, 0.31201553975710294, 0.5235549690282337, 0.4857483625448479, 0.3945565867095938, 0.19520594719725334, 0.23323276556408548, 0.16258523691278087, 0.40306422121021096, 0.1931023018510005, 0.4377690752141233, 0.16315220285233775, 0.27321934544677956, 0.2563899788065861, 0.29593864240299333, 0.20855229328020886, 0.1558757978594773, 0.2412035795397698, 0.2502688812138384, 0.12163532875539589, 0.47466891942983647, 0.132496655888434, 0.3292135411747802, 0.15098278388013048, 0.233305699409366, 0.1813805985625334, 0.17071334690332804, 0.4059481518566863, 0.1504194767506002, 0.3482484629992271, 0.24112661141154723, 0.5819114096010491, 0.2727593594397348, 0.2419849787198251, 0.31200066775204105, 0.23046237742351283, 0.17937035538999266], "run_time": 0.029289710521697997}, "UG": {"result": [0.8777752656449238, 1.4242393840379768, 1.1907897379048802, 1.4534854062136835, 1.4359145525351673, 0.8245485561946707, 0.9089697931258363, 1.433240784481634, 0.9244977628765585, 1.2139821096671457, 1.5653622761576493, 1.2459661210910957, 1.0370652808771461, 0.7467832692411397, 1.4987407192234194, 1.4349904180505104, 1.4249783303322878, 1.0441651492943735, 1.0934360033477268, 0.8978514335328223, 0.7731833043856632, 1.5181200130523027, 0.8480846194552337, 1.671959652115804, 0.8396198707283451, 1.0701746393661724, 1.2749056363177773, 1.3470758323327674, 1.3401777266666324, 0.7932090938836364, 1.1934246435096536, 1.2061186867213782, 0.809068032799624, 1.4123601664188388, 0.867015658741603, 1.0880713992046378, 0.9256002779965253, 1.0294180515068339, 0.8752658167383793, 0.7898896815957641, 1.259687597896921, 0.8730744167743169, 1.557505189860122, 1.3106717212674328, 1.6506979698713442, 1.2526689042074803, 1.1988805123504334, 1.4674282125648888, 1.1281697123388947, 0.874160600076626], "run_time": 0.2959614372253418}, "Quad-leaf": {"result": [0.6178321865877469, 1.0974207118920674, 0.43911248153071597, 0.729330861728728, 0.8765641797957875, 0.44838317005485795, 0.8304855812339095, 0.8604162314720614, 0.6373864748259507, 0.5190943058229468, 0.5250972331684884, 0.5628353715413491, 0.7571891612708743, 0.47253988631159455, 0.9154591232216847, 0.33751563418945946, 0.4171766245220862, 0.2305164337708376, 0.6825562843362394, 0.441003962542567, 0.5383875145667902, 0.9125957079788714, 0.5263669515184934, 1.0583266825163076, 0.7240443957169155, 0.2648529243516482, 0.9270213372742976, 0.9211990622327514, 0.5559534806135491, 0.5824049474301326, 0.4489934366340427, 0.889906891107594, 0.6007332001220879, 0.8112565817651441, 0.7426143793551735, 0.28457836247025786, 0.5448494210082365, 0.5302442219874971, 0.4089391640774639, 0.39766962100573083, 0.4103204515157759, 0.6451718083445992, 0.8663008124983735, 0.9905595992633205, 0.6422193085195369, 0.39680626241672096, 0.9188109862545496, 1.062354486560386, 0.8084753427067779, 0.7733959073876413], "run_time": 0.09451571226119995}, "Quad-uniform": {"result": [0.0882377533087593, 0.14523687602554117, 0.24661305727513821, 0.16390051417633733, 0.2928861774772096, 0.1343813502640226, 0.2131741145960438, 0.3883638289578373, 0.10441605031740685, 0.23924006750803417, 0.2707007552560328, 0.24079833133393033, 0.15139449425962836, 0.13701012074467933, 0.26136355180109416, 0.2700760537579257, 0.22567219444600284, 0.17271466636836658, 0.1226097979142347, 0.19639754698361897, 0.056110200785031615, 0.18899122412360908, 0.11266432521992122, 0.16425164685941912, 0.18382514631343924, 0.17871997940981726, 0.17338603317373805, 0.18737095241920634, 0.15230913204648083, 0.08185936215940183, 0.24798084285325148, 0.15536086192983894, 0.10776488577998027, 0.3238577746976897, 0.21754411049433708, 0.15112233093132563, 0.16228766956748022, 0.1931319954485507, 0.15239119284046204, 0.09675779145314987, 0.18814893678494515, 0.1056047676855901, 0.18094194873714115, 0.19194709432585838, 0.22034416338552681, 0.207634016723515, 0.15577862234639997, 0.19519534169723426, 0.10876094002207169, 0.1922717615941117], "run_time": 0.12191998958587646}, "Quad-geo": {"result": [0.13246036348915619, 0.2287560404124629, 0.35769593583754794, 0.27230969897240026, 0.44340579978286976, 0.18592448837980224, 0.2890875104760053, 0.5334234970087507, 0.14901584593111739, 0.3591247994018554, 0.40408708895520334, 0.31123734793372043, 0.20729070542507513, 0.19114312490010393, 0.3378734974782429, 0.39893350134057026, 0.33873855523751806, 0.22702054429925667, 0.18075752743396797, 0.2593211975053787, 0.08937726724920839, 0.2803571373526479, 0.14578650461089399, 0.2789003884676801, 0.24609922164342637, 0.2669626666116194, 0.23424131560370398, 0.2650753610133729, 0.25562154340550153, 0.12149575059025065, 0.36042872934434367, 0.20811592216997502, 0.14016745452706758, 0.4567585564916444, 0.27698156265168744, 0.2348059359458544, 0.20370166018309657, 0.278913823266783, 0.20601570825799126, 0.14258902430156437, 0.2967274586858813, 0.1474412260212923, 0.2862102619562578, 0.24685807075003532, 0.3611582362547153, 0.28495578523222787, 0.20666731233861962, 0.2676800925246863, 0.16147978382493844, 0.2573637201629123], "run_time": 0.1293899941444397},