{"params": {"epsilon": 0.1, "seed": 1, "sigma": [0.2], "shape": ["circle"], "num_data": 50, "population": [100000], "dimension": 128}, "algos": {"idt": {"result": [4.73146687467255, 8.711231641973562, 9.038608685359497, 7.676406199352065, 8.575065681677346, 4.383828380364685, 8.1941603177941, 3.4805097295789085, 5.23882893705816, 5.851586241123181, 5.941638000128618, 4.5578877111646685, 7.980521463732178, 3.592185948652706, 3.5361535321169413, 3.6510361259738167, 6.877347869795544, 3.46342069071909, 7.563086064955822, 4.128763523101678, 3.320931771642181, 5.036855002974244, 5.816496208108983, 5.433857209907239, 7.832121146735871, 3.7215327369456865, 7.721954371625793, 3.7864537344034908, 4.75294456520654, 5.887413449641004, 4.143458195688672, 7.496227406556071, 3.2223126303200065, 4.936045898482642, 2.9270564477107404, 5.625349235187776, 3.8495769884570263, 6.612004745002153, 3.712866995848529, 8.045324165476297, 5.867056942836102, 7.600437832380891, 4.566780283710065, 9.801314132148951, 8.316163840107684, 5.421753187486131, 5.655668480920393, 3.5616498643900267, 3.807649939293424, 8.861229678699951], "run_time": 0.005510294437408447}, "uniform": {"result": [59.821499018858546, 142.28200992721338, 176.46479337355245, 134.9272667140301, 161.78960726100752, 55.25708972569028, 143.20727893242156, 48.86522480329519, 67.22086979152073, 72.99665764985353, 103.7556255056546, 65.43101868873951, 133.84653313494965, 41.943155293656204, 51.913189301882255, 43.59010470451412, 142.12560533120944, 49.524644370947314, 118.92702889457732, 47.88151694342945, 44.30164670313582, 67.20672980795347, 82.12467211836363, 89.05082298994883, 137.51486483041302, 45.719171931090955, 132.0738118886904, 44.96348818654999, 55.69669448152867, 106.43329028370621, 55.141213967653314, 138.2357533729301, 41.51087259771861, 90.15921861419054, 33.74405510242779, 72.6902947637055, 49.00983157580409, 126.59569525026913, 44.06642976183948, 142.75181736098196, 109.80629187442358, 129.97512844554836, 52.8398324896667, 164.5696929414348, 166.40529012085003, 101.00020215613023, 104.23790281320923, 51.33352861974206, 61.45060112917477, 147.2913905380313], "run_time": 0.005290002822875977}, "AG": {"result": [0.413362594012623, 0.40725809665510665, 0.5837537668793101, 0.757995592692711, 0.8122342043491919, 0.34874961882713595, 0.6418868246262637, 0.34173426427249703, 0.6049097629320531, 0.3932087669571954, 0.6268751039576789, 0.5212672768867679, 0.48945755980883565, 0.32609189295372043, 0.34603021446504373, 0.3503955579163021, 0.40192135447150285, 0.2744785869238035, 0.6681842223421993, 0.27762221954184224, 0.42657376561939836, 0.6367093135887003, 0.3904903999380413, 0.5804148582483791, 0.5924525437217772, 0.44394546613513375, 0.4522506218893237, 0.32028088431926166, 0.2883489500854618, 0.6525124536721192, 0.4701323254767891, 0.7348328930849827, 0.2647299550122315, 0.42564963413963613, 0.27260505065764984, 0.5815452331564045, 0.40124894993481774, 0.5625096948943284, 0.31443066589557034, 1.3632002666999439, 0.5881440060827717, 0.8017410564375664, 0.3427510876215455, 0.9273267602575502, 0.631519594630189, 0.6288125150004129, 0.675347724374816, 0.46738018734529224, 0.6397845586279498, 0.9302244558102329], "run_time": 0.028709995746612548}, "UG": {"result": [0.9687058346891827, 1.4268403825341505, 1.6208508433545241, 1.3026453084933853, 1.527022812352337, 0.8305640932600513, 1.4382220433869783, 0.7374552518559778, 1.0440894698406713, 1.0170139133804934, 1.146194906421802, 0.9634241574380328, 1.3627380616540323, 0.7026554967878036, 0.7611016733141681, 0.7379458668281832, 1.221020398716402, 0.7302249457710027, 1.3181220531212552, 0.7671664946371887, 0.7607899366656986, 0.9296295145641277, 1.026619199854804, 1.0862135940616984, 1.3302783507194367, 0.8367214680559953, 1.3524449131685483, 0.7632617073640435, 0.8599980743970673, 1.1241595898689283, 0.9194306133289754, 1.3230110035917386, 0.7181585210502749, 0.9462622892471011, 0.6045974727937761, 1.0925753839912982, 0.8592796766029609, 1.1005184887832309, 0.7204833944664456, 1.4045869631436054, 1.0238536075716165, 1.3375760677676731, 0.818907462589511, 1.6025907129555557, 1.4328093333939613, 1.0125591197283381, 1.0857923831643388, 0.793261289061544, 0.8434327354159042, 1.459762389425364], "run_time": 0.012819995880126953}, "Quad-leaf": {"result": [2.0609303577856504, 5.699294251783881, 1.2934744387434194, 6.266374280527356, 1.0256449636832567, 2.839268062340876, 0.782778030289101, 2.996626192552983, 2.1102132578086095, 3.446658590169029, 3.2064218387363526, 3.841542100434146, 5.380585501451024, 1.4390176295236161, 3.1307428609260417, 1.8632313448756073, 5.794548755490057, 3.0113797436822334, 3.789088726672698, 2.4389503190989656, 3.0394373034033224, 3.805096610934778, 3.2929748775173038, 3.960564659322852, 6.349907675327589, 2.634833262033656, 0.4980691854391864, 2.03966404206451, 2.3226560947710024, 4.3545851811167315, 3.630346469651732, 4.719743266197691, 2.802356014921266, 3.890633657731054, 1.9437341488998585, 2.254579652023468, 3.32683874549131, 5.488681352213719, 1.888737072590299, 0.8086875733043397, 4.771517419650261, 0.5558585509004151, 3.038337002003251, 7.463154422112051, 6.454976242213605, 4.317972599239304, 4.2278236432986445, 3.2057142403909995, 3.380016029834007, 5.845137128840418], "run_time": 0.09573063373565674}, "Quad-uniform": {"result": [1.9750395870060757, 3.061931510108348, 3.187064459921942, 2.1312056711600182, 2.9985768055268838, 1.5374787781824772, 2.8472839978337507, 1.3373442830989002, 1.9329626350310087, 1.8108379237834615, 1.778078651994372, 1.3560901063334934, 2.8286753142796344, 1.5805908450982724, 1.39140320584675, 1.3976405413721453, 1.0241613919659376, 1.3184906858164323, 2.3491658423360704, 1.6382027127952423, 1.5401457976648603, 1.721371255444884, 1.9706497163100187, 1.618835490991725, 2.1842888289510682, 1.3476808786494352, 2.6289606481873546, 1.5880910957443861, 1.802979700420648, 1.8198160170844428, 1.1677599034222903, 2.2057604704229687, 1.365289571164356, 1.2870221127839419, 1.150031502138716, 2.1322178505755573, 1.5321506363162845, 0.7096845571731314, 1.2917373297101653, 2.636297985866591, 0.6375922646678468, 2.553234800864646, 1.4272164775165954, 3.031254970022061, 1.2323794436451367, 1.6231752587104822, 1.7519521511964813, 1.5748246427351624, 1.7178470245009725, 3.1181877241780755], "run_time": 0.1242800784111023}, "Quad-geo": {"result": [1.2627505863345994, 2.5974440137661787, 2.9377562046484362, 0.8891059799439293, 2.781208049481273, 1.2740223075606363, 2.7028034363882725, 1.1668924795900761, 1.5253008044354948, 1.4050306160398067, 1.8922164085000142, 1.3190883526633592, 2.635590759364353, 1.1709065222352077, 1.2336516771700121, 1.152795359015109, 1.2937520071373598, 1.182052747635402, 2.237583014204667, 1.086020902066055, 1.1931362840908528, 1.4598193784447973, 1.7061654656088547, 1.7318221307956096, 1.960586324406363, 1.2295738321956864, 2.470913306119744, 1.1977715449382085, 1.3775777370235358, 1.8700528218137502, 0.9651404635475617, 1.3359859761968809, 1.0643615591765838, 1.4525749112116813, 0.8907487826104619, 1.675279633707466, 1.0544510431683787, 1.0112327582737135, 1.030277158363583, 2.5700340311521215, 0.8497540856051621, 2.4280828544421893, 1.1731719453170149, 2.6487264187042716, 1.5092720444976984, 1.7974055807501836, 1.8255595203353574, 1.3372849525626807, 1.5858118779340529, 2.848146450945802], "run_time": 0.1311702847480774},